regiao;estado;municipio;coduf;codmun;codRegiaoSaude;nomeRegiaoSaude;data;semanaEpi;populacaoTCU2019;casosAcumulado;casosNovos;obitosAcumulado;obitosNovos;Recuperadosnovos;emAcompanhamentoNovos;interior/metropolitana
Nordeste;CE;Icapuí;23;230535;23007;7ª REGIAO ARACATI;2020-03-27;13;19934;0;0;0;0;;;0
Nordeste;CE;Icapuí;23;230535;23007;7ª REGIAO ARACATI;2020-03-28;13;19934;0;0;0;0;;;0
Nordeste;CE;Icapuí;23;230535;23007;7ª REGIAO ARACATI;2020-03-29;14;19934;0;0;0;0;;;0
Nordeste;CE;Icapuí;23;230535;23007;7ª REGIAO ARACATI;2020-03-30;14;19934;0;0;0;0;;;0
Nordeste;CE;Icapuí;23;230535;23007;7ª REGIAO ARACATI;2020-03-31;14;19934;0;0;0;0;;;0
Nordeste;CE;Icapuí;23;230535;23007;7ª REGIAO ARACATI;2020-04-01;14;19934;0;0;0;0;;;0
Nordeste;CE;Icapuí;23;230535;23007;7ª REGIAO ARACATI;2020-04-02;14;19934;0;0;0;0;;;0
Nordeste;CE;Icapuí;23;230535;23007;7ª REGIAO ARACATI;2020-04-03;14;19934;0;0;0;0;;;0
Nordeste;CE;Icapuí;23;230535;23007;7ª REGIAO ARACATI;2020-04-04;14;19934;0;0;0;0;;;0
Nordeste;CE;Icapuí;23;230535;23007;7ª REGIAO ARACATI;2020-04-05;15;19934;0;0;0;0;;;0
Nordeste;CE;Icapuí;23;230535;23007;7ª REGIAO ARACATI;2020-04-06;15;19934;0;0;0;0;;;0
Nordeste;CE;Icapuí;23;230535;23007;7ª REGIAO ARACATI;2020-04-07;15;19934;0;0;0;0;;;0
Nordeste;CE;Icapuí;23;230535;23007;7ª REGIAO ARACATI;2020-04-08;15;19934;1;1;0;0;;;0
Nordeste;CE;Icapuí;23;230535;23007;7ª REGIAO ARACATI;2020-04-09;15;19934;1;0;0;0;;;0
Nordeste;CE;Icapuí;23;230535;23007;7ª REGIAO ARACATI;2020-04-10;15;19934;1;0;0;0;;;0
Nordeste;CE;Icapuí;23;230535;23007;7ª REGIAO ARACATI;2020-04-11;15;19934;1;0;0;0;;;0
Nordeste;CE;Icapuí;23;230535;23007;7ª REGIAO ARACATI;2020-04-12;16;19934;1;0;0;0;;;0
Nordeste;CE;Icapuí;23;230535;23007;7ª REGIAO ARACATI;2020-04-13;16;19934;1;0;0;0;;;0
Nordeste;CE;Icapuí;23;230535;23007;7ª REGIAO ARACATI;2020-04-14;16;19934;2;1;0;0;;;0
Nordeste;CE;Icapuí;23;230535;23007;7ª REGIAO ARACATI;2020-04-15;16;19934;3;1;0;0;;;0
Nordeste;CE;Icapuí;23;230535;23007;7ª REGIAO ARACATI;2020-04-16;16;19934;1;-2;0;0;;;0
Nordeste;CE;Icapuí;23;230535;23007;7ª REGIAO ARACATI;2020-04-17;16;19934;1;0;0;0;;;0
Nordeste;CE;Icapuí;23;230535;23007;7ª REGIAO ARACATI;2020-04-18;16;19934;1;0;0;0;;;0
Nordeste;CE;Icapuí;23;230535;23007;7ª REGIAO ARACATI;2020-04-19;17;19934;1;0;0;0;;;0
Nordeste;CE;Icapuí;23;230535;23007;7ª REGIAO ARACATI;2020-04-20;17;19934;1;0;0;0;;;0
Nordeste;CE;Icapuí;23;230535;23007;7ª REGIAO ARACATI;2020-04-21;17;19934;1;0;0;0;;;0
Nordeste;CE;Icapuí;23;230535;23007;7ª REGIAO ARACATI;2020-04-22;17;19934;1;0;0;0;;;0
Nordeste;CE;Icapuí;23;230535;23007;7ª REGIAO ARACATI;2020-04-23;17;19934;2;1;0;0;;;0
Nordeste;CE;Icapuí;23;230535;23007;7ª REGIAO ARACATI;2020-04-24;17;19934;2;0;0;0;;;0
Nordeste;CE;Icapuí;23;230535;23007;7ª REGIAO ARACATI;2020-04-25;17;19934;3;1;0;0;;;0
Nordeste;CE;Icapuí;23;230535;23007;7ª REGIAO ARACATI;2020-04-26;18;19934;3;0;0;0;;;0
Nordeste;CE;Icapuí;23;230535;23007;7ª REGIAO ARACATI;2020-04-27;18;19934;5;2;0;0;;;0
Nordeste;CE;Icapuí;23;230535;23007;7ª REGIAO ARACATI;2020-04-28;18;19934;5;0;0;0;;;0
Nordeste;CE;Icapuí;23;230535;23007;7ª REGIAO ARACATI;2020-04-29;18;19934;5;0;0;0;;;0
Nordeste;CE;Icapuí;23;230535;23007;7ª REGIAO ARACATI;2020-04-30;18;19934;5;0;0;0;;;0
Nordeste;CE;Icapuí;23;230535;23007;7ª REGIAO ARACATI;2020-05-01;18;19934;8;3;0;0;;;0
Nordeste;CE;Icapuí;23;230535;23007;7ª REGIAO ARACATI;2020-05-02;18;19934;8;0;0;0;;;0
Nordeste;CE;Icapuí;23;230535;23007;7ª REGIAO ARACATI;2020-05-03;19;19934;8;0;0;0;;;0
Nordeste;CE;Icapuí;23;230535;23007;7ª REGIAO ARACATI;2020-05-04;19;19934;8;0;0;0;;;0
Nordeste;CE;Icapuí;23;230535;23007;7ª REGIAO ARACATI;2020-05-05;19;19934;8;0;0;0;;;0
Nordeste;CE;Icapuí;23;230535;23007;7ª REGIAO ARACATI;2020-05-06;19;19934;9;1;0;0;;;0
Nordeste;CE;Icapuí;23;230535;23007;7ª REGIAO ARACATI;2020-05-07;19;19934;16;7;0;0;;;0
Nordeste;CE;Icapuí;23;230535;23007;7ª REGIAO ARACATI;2020-05-08;19;19934;16;0;0;0;;;0
Nordeste;CE;Icapuí;23;230535;23007;7ª REGIAO ARACATI;2020-05-09;19;19934;15;-1;0;0;;;0
Nordeste;CE;Icapuí;23;230535;23007;7ª REGIAO ARACATI;2020-05-10;20;19934;15;0;0;0;;;0
Nordeste;CE;Icapuí;23;230535;23007;7ª REGIAO ARACATI;2020-05-11;20;19934;21;6;0;0;;;0
Nordeste;CE;Icapuí;23;230535;23007;7ª REGIAO ARACATI;2020-05-12;20;19934;21;0;0;0;;;0
Nordeste;CE;Icapuí;23;230535;23007;7ª REGIAO ARACATI;2020-05-13;20;19934;22;1;2;2;;;0
Nordeste;CE;Icapuí;23;230535;23007;7ª REGIAO ARACATI;2020-05-14;20;19934;24;2;2;0;;;0
Nordeste;CE;Icapuí;23;230535;23007;7ª REGIAO ARACATI;2020-05-15;20;19934;25;1;2;0;;;0
Nordeste;CE;Icapuí;23;230535;23007;7ª REGIAO ARACATI;2020-05-16;20;19934;25;0;2;0;;;0
Nordeste;CE;Icapuí;23;230535;23007;7ª REGIAO ARACATI;2020-05-17;21;19934;24;-1;2;0;;;0
Nordeste;CE;Icapuí;23;230535;23007;7ª REGIAO ARACATI;2020-05-18;21;19934;32;8;2;0;;;0
Nordeste;CE;Icapuí;23;230535;23007;7ª REGIAO ARACATI;2020-05-19;21;19934;32;0;2;0;;;0
Nordeste;CE;Icapuí;23;230535;23007;7ª REGIAO ARACATI;2020-05-20;21;19934;41;9;2;0;;;0
Nordeste;CE;Icapuí;23;230535;23007;7ª REGIAO ARACATI;2020-05-21;21;19934;42;1;3;1;;;0
Nordeste;CE;Icapuí;23;230535;23007;7ª REGIAO ARACATI;2020-05-22;21;19934;45;3;3;0;;;0
Nordeste;CE;Icapuí;23;230535;23007;7ª REGIAO ARACATI;2020-05-23;21;19934;45;0;3;0;;;0
Nordeste;CE;Icapuí;23;230535;23007;7ª REGIAO ARACATI;2020-05-24;22;19934;45;0;3;0;;;0
Nordeste;CE;Icapuí;23;230535;23007;7ª REGIAO ARACATI;2020-05-25;22;19934;45;0;3;0;;;0
Nordeste;CE;Icapuí;23;230535;23007;7ª REGIAO ARACATI;2020-05-26;22;19934;45;0;3;0;;;0
Nordeste;CE;Icapuí;23;230535;23007;7ª REGIAO ARACATI;2020-05-27;22;19934;45;0;3;0;;;0
Nordeste;CE;Icapuí;23;230535;23007;7ª REGIAO ARACATI;2020-05-28;22;19934;45;0;3;0;;;0
Nordeste;CE;Icapuí;23;230535;23007;7ª REGIAO ARACATI;2020-05-29;22;19934;45;0;3;0;;;0
Nordeste;CE;Icapuí;23;230535;23007;7ª REGIAO ARACATI;2020-05-30;22;19934;68;23;3;0;;;0
Nordeste;CE;Icapuí;23;230535;23007;7ª REGIAO ARACATI;2020-05-31;23;19934;69;1;3;0;;;0
Nordeste;CE;Icapuí;23;230535;23007;7ª REGIAO ARACATI;2020-06-01;23;19934;70;1;3;0;;;0
Nordeste;CE;Icapuí;23;230535;23007;7ª REGIAO ARACATI;2020-06-02;23;19934;80;10;3;0;;;0
Nordeste;CE;Icapuí;23;230535;23007;7ª REGIAO ARACATI;2020-06-03;23;19934;86;6;3;0;;;0
Nordeste;CE;Icapuí;23;230535;23007;7ª REGIAO ARACATI;2020-06-04;23;19934;92;6;4;1;;;0
Nordeste;CE;Icapuí;23;230535;23007;7ª REGIAO ARACATI;2020-06-05;23;19934;99;7;4;0;;;0
Nordeste;CE;Icapuí;23;230535;23007;7ª REGIAO ARACATI;2020-06-06;23;19934;107;8;5;1;;;0
Nordeste;CE;Icapuí;23;230535;23007;7ª REGIAO ARACATI;2020-06-07;24;19934;110;3;5;0;;;0
Nordeste;CE;Icapuí;23;230535;23007;7ª REGIAO ARACATI;2020-06-08;24;19934;109;-1;5;0;;;0
Nordeste;CE;Icapuí;23;230535;23007;7ª REGIAO ARACATI;2020-06-09;24;19934;119;10;5;0;;;0
Nordeste;CE;Icapuí;23;230535;23007;7ª REGIAO ARACATI;2020-06-10;24;19934;133;14;5;0;;;0
Nordeste;CE;Icapuí;23;230535;23007;7ª REGIAO ARACATI;2020-06-11;24;19934;146;13;5;0;;;0
Nordeste;CE;Icapuí;23;230535;23007;7ª REGIAO ARACATI;2020-06-12;24;19934;146;0;5;0;;;0
Nordeste;CE;Icapuí;23;230535;23007;7ª REGIAO ARACATI;2020-06-13;24;19934;152;6;5;0;;;0
Nordeste;CE;Icapuí;23;230535;23007;7ª REGIAO ARACATI;2020-06-14;25;19934;152;0;5;0;;;0
Nordeste;CE;Icapuí;23;230535;23007;7ª REGIAO ARACATI;2020-06-15;25;19934;152;0;5;0;;;0
Nordeste;CE;Icapuí;23;230535;23007;7ª REGIAO ARACATI;2020-06-16;25;19934;153;1;5;0;;;0
Nordeste;CE;Icapuí;23;230535;23007;7ª REGIAO ARACATI;2020-06-17;25;19934;166;13;5;0;;;0
Nordeste;CE;Icapuí;23;230535;23007;7ª REGIAO ARACATI;2020-06-18;25;19934;175;9;5;0;;;0
Nordeste;CE;Icapuí;23;230535;23007;7ª REGIAO ARACATI;2020-06-19;25;19934;179;4;5;0;;;0
Nordeste;CE;Icapuí;23;230535;23007;7ª REGIAO ARACATI;2020-06-20;25;19934;186;7;5;0;;;0
Nordeste;CE;Icapuí;23;230535;23007;7ª REGIAO ARACATI;2020-06-21;26;19934;185;-1;5;0;;;0
Nordeste;CE;Icapuí;23;230535;23007;7ª REGIAO ARACATI;2020-06-22;26;19934;189;4;5;0;;;0
Nordeste;CE;Icapuí;23;230535;23007;7ª REGIAO ARACATI;2020-06-23;26;19934;197;8;5;0;;;0
Nordeste;CE;Icapuí;23;230535;23007;7ª REGIAO ARACATI;2020-06-24;26;19934;200;3;6;1;;;0
Nordeste;CE;Icapuí;23;230535;23007;7ª REGIAO ARACATI;2020-06-25;26;19934;207;7;6;0;;;0
Nordeste;CE;Icapuí;23;230535;23007;7ª REGIAO ARACATI;2020-06-26;26;19934;209;2;6;0;;;0
Nordeste;CE;Icapuí;23;230535;23007;7ª REGIAO ARACATI;2020-06-27;26;19934;210;1;6;0;;;0
Nordeste;CE;Icapuí;23;230535;23007;7ª REGIAO ARACATI;2020-06-28;27;19934;212;2;6;0;;;0
Nordeste;CE;Icapuí;23;230535;23007;7ª REGIAO ARACATI;2020-06-29;27;19934;211;-1;6;0;;;0
Nordeste;CE;Icapuí;23;230535;23007;7ª REGIAO ARACATI;2020-06-30;27;19934;214;3;6;0;;;0
Nordeste;CE;Icapuí;23;230535;23007;7ª REGIAO ARACATI;2020-07-01;27;19934;219;5;6;0;;;0
Nordeste;CE;Icapuí;23;230535;23007;7ª REGIAO ARACATI;2020-07-02;27;19934;224;5;6;0;;;0
Nordeste;CE;Icapuí;23;230535;23007;7ª REGIAO ARACATI;2020-07-03;27;19934;228;4;6;0;;;0
Nordeste;CE;Icapuí;23;230535;23007;7ª REGIAO ARACATI;2020-07-04;27;19934;231;3;6;0;;;0
Nordeste;CE;Icapuí;23;230535;23007;7ª REGIAO ARACATI;2020-07-05;28;19934;230;-1;6;0;;;0
Nordeste;CE;Icapuí;23;230535;23007;7ª REGIAO ARACATI;2020-07-06;28;19934;230;0;6;0;;;0
Nordeste;CE;Icapuí;23;230535;23007;7ª REGIAO ARACATI;2020-07-07;28;19934;241;11;6;0;;;0
Nordeste;CE;Icapuí;23;230535;23007;7ª REGIAO ARACATI;2020-07-08;28;19934;253;12;6;0;;;0
Nordeste;CE;Icapuí;23;230535;23007;7ª REGIAO ARACATI;2020-07-09;28;19934;253;0;6;0;;;0
Nordeste;CE;Icapuí;23;230535;23007;7ª REGIAO ARACATI;2020-07-10;28;19934;259;6;6;0;;;0
Nordeste;CE;Icapuí;23;230535;23007;7ª REGIAO ARACATI;2020-07-11;28;19934;266;7;6;0;;;0
Nordeste;CE;Icapuí;23;230535;23007;7ª REGIAO ARACATI;2020-07-12;29;19934;266;0;6;0;;;0
Nordeste;CE;Icapuí;23;230535;23007;7ª REGIAO ARACATI;2020-07-13;29;19934;266;0;6;0;;;0
Nordeste;CE;Icapuí;23;230535;23007;7ª REGIAO ARACATI;2020-07-14;29;19934;268;2;6;0;;;0
Nordeste;CE;Icapuí;23;230535;23007;7ª REGIAO ARACATI;2020-07-15;29;19934;270;2;6;0;;;0
Nordeste;CE;Icapuí;23;230535;23007;7ª REGIAO ARACATI;2020-07-16;29;19934;275;5;6;0;;;0
Nordeste;CE;Icapuí;23;230535;23007;7ª REGIAO ARACATI;2020-07-17;29;19934;276;1;6;0;;;0
Nordeste;CE;Icapuí;23;230535;23007;7ª REGIAO ARACATI;2020-07-18;29;19934;277;1;6;0;;;0
Nordeste;CE;Icapuí;23;230535;23007;7ª REGIAO ARACATI;2020-07-19;30;19934;277;0;6;0;;;0
Nordeste;CE;Icapuí;23;230535;23007;7ª REGIAO ARACATI;2020-07-20;30;19934;278;1;6;0;;;0
Nordeste;CE;Icapuí;23;230535;23007;7ª REGIAO ARACATI;2020-07-21;30;19934;292;14;6;0;;;0
Nordeste;CE;Icapuí;23;230535;23007;7ª REGIAO ARACATI;2020-07-22;30;19934;295;3;6;0;;;0
Nordeste;CE;Icapuí;23;230535;23007;7ª REGIAO ARACATI;2020-07-23;30;19934;296;1;6;0;;;0
Nordeste;CE;Icapuí;23;230535;23007;7ª REGIAO ARACATI;2020-07-24;30;19934;296;0;6;0;;;0
Nordeste;CE;Icapuí;23;230535;23007;7ª REGIAO ARACATI;2020-07-25;30;19934;298;2;6;0;;;0
Nordeste;CE;Icapuí;23;230535;23007;7ª REGIAO ARACATI;2020-07-26;31;19934;298;0;6;0;;;0
Nordeste;CE;Icapuí;23;230535;23007;7ª REGIAO ARACATI;2020-07-27;31;19934;298;0;6;0;;;0
Nordeste;CE;Icapuí;23;230535;23007;7ª REGIAO ARACATI;2020-07-28;31;19934;301;3;7;1;;;0
Nordeste;CE;Icapuí;23;230535;23007;7ª REGIAO ARACATI;2020-07-29;31;19934;306;5;7;0;;;0
Nordeste;CE;Icapuí;23;230535;23007;7ª REGIAO ARACATI;2020-07-30;31;19934;309;3;7;0;;;0
Nordeste;CE;Icapuí;23;230535;23007;7ª REGIAO ARACATI;2020-07-31;31;19934;315;6;7;0;;;0
Nordeste;CE;Icapuí;23;230535;23007;7ª REGIAO ARACATI;2020-08-01;31;19934;320;5;7;0;;;0
Nordeste;CE;Icapuí;23;230535;23007;7ª REGIAO ARACATI;2020-08-02;32;19934;319;-1;7;0;;;0
Nordeste;CE;Icapuí;23;230535;23007;7ª REGIAO ARACATI;2020-08-03;32;19934;320;1;7;0;;;0
Nordeste;CE;Icapuí;23;230535;23007;7ª REGIAO ARACATI;2020-08-04;32;19934;324;4;7;0;;;0
Nordeste;CE;Icapuí;23;230535;23007;7ª REGIAO ARACATI;2020-08-05;32;19934;326;2;8;1;;;0
Nordeste;CE;Icapuí;23;230535;23007;7ª REGIAO ARACATI;2020-08-06;32;19934;332;6;8;0;;;0
Nordeste;CE;Icapuí;23;230535;23007;7ª REGIAO ARACATI;2020-08-07;32;19934;340;8;8;0;;;0
Nordeste;CE;Icapuí;23;230535;23007;7ª REGIAO ARACATI;2020-08-08;32;19934;342;2;8;0;;;0
Nordeste;CE;Icapuí;23;230535;23007;7ª REGIAO ARACATI;2020-08-09;33;19934;342;0;8;0;;;0
Nordeste;CE;Icapuí;23;230535;23007;7ª REGIAO ARACATI;2020-08-10;33;19934;342;0;8;0;;;0
Nordeste;CE;Icapuí;23;230535;23007;7ª REGIAO ARACATI;2020-08-11;33;19934;348;6;8;0;;;0
Nordeste;CE;Icapuí;23;230535;23007;7ª REGIAO ARACATI;2020-08-12;33;19934;350;2;8;0;;;0
Nordeste;CE;Icapuí;23;230535;23007;7ª REGIAO ARACATI;2020-08-13;33;19934;357;7;8;0;;;0
Nordeste;CE;Icapuí;23;230535;23007;7ª REGIAO ARACATI;2020-08-14;33;19934;361;4;9;1;;;0
Nordeste;CE;Icapuí;23;230535;23007;7ª REGIAO ARACATI;2020-08-15;33;19934;363;2;9;0;;;0
Nordeste;CE;Icapuí;23;230535;23007;7ª REGIAO ARACATI;2020-08-16;34;19934;363;0;9;0;;;0
Nordeste;CE;Icapuí;23;230535;23007;7ª REGIAO ARACATI;2020-08-17;34;19934;363;0;9;0;;;0
Nordeste;CE;Icapuí;23;230535;23007;7ª REGIAO ARACATI;2020-08-18;34;19934;364;1;9;0;;;0
Nordeste;CE;Icapuí;23;230535;23007;7ª REGIAO ARACATI;2020-08-19;34;19934;370;6;10;1;;;0
Nordeste;CE;Icapuí;23;230535;23007;7ª REGIAO ARACATI;2020-08-20;34;19934;374;4;10;0;;;0
Nordeste;CE;Icapuí;23;230535;23007;7ª REGIAO ARACATI;2020-08-21;34;19934;373;-1;10;0;;;0
Nordeste;CE;Icapuí;23;230535;23007;7ª REGIAO ARACATI;2020-08-22;34;19934;377;4;11;1;;;0
Nordeste;CE;Icapuí;23;230535;23007;7ª REGIAO ARACATI;2020-08-23;35;19934;377;0;11;0;;;0
Nordeste;CE;Icapuí;23;230535;23007;7ª REGIAO ARACATI;2020-08-24;35;19934;377;0;11;0;;;0
Nordeste;CE;Icapuí;23;230535;23007;7ª REGIAO ARACATI;2020-08-25;35;19934;377;0;12;1;;;0
Nordeste;CE;Icapuí;23;230535;23007;7ª REGIAO ARACATI;2020-08-26;35;19934;380;3;12;0;;;0
Nordeste;CE;Icapuí;23;230535;23007;7ª REGIAO ARACATI;2020-08-27;35;19934;385;5;12;0;;;0
Nordeste;CE;Icapuí;23;230535;23007;7ª REGIAO ARACATI;2020-08-28;35;19934;386;1;12;0;;;0
Nordeste;CE;Icapuí;23;230535;23007;7ª REGIAO ARACATI;2020-08-29;35;19934;395;9;12;0;;;0
Nordeste;CE;Icapuí;23;230535;23007;7ª REGIAO ARACATI;2020-08-30;36;19934;395;0;12;0;;;0
Nordeste;CE;Icapuí;23;230535;23007;7ª REGIAO ARACATI;2020-08-31;36;19934;396;1;12;0;;;0
Nordeste;CE;Icapuí;23;230535;23007;7ª REGIAO ARACATI;2020-09-01;36;19934;397;1;12;0;;;0
Nordeste;CE;Icapuí;23;230535;23007;7ª REGIAO ARACATI;2020-09-02;36;19934;409;12;12;0;;;0
Nordeste;CE;Icapuí;23;230535;23007;7ª REGIAO ARACATI;2020-09-03;36;19934;415;6;12;0;;;0
Nordeste;CE;Icapuí;23;230535;23007;7ª REGIAO ARACATI;2020-09-04;36;19934;429;14;12;0;;;0
Nordeste;CE;Icapuí;23;230535;23007;7ª REGIAO ARACATI;2020-09-05;36;19934;425;-4;12;0;;;0
Nordeste;CE;Icapuí;23;230535;23007;7ª REGIAO ARACATI;2020-09-06;37;19934;425;0;12;0;;;0
Nordeste;CE;Icapuí;23;230535;23007;7ª REGIAO ARACATI;2020-09-07;37;19934;425;0;12;0;;;0
Nordeste;CE;Icapuí;23;230535;23007;7ª REGIAO ARACATI;2020-09-08;37;19934;425;0;12;0;;;0
Nordeste;CE;Icapuí;23;230535;23007;7ª REGIAO ARACATI;2020-09-09;37;19934;441;16;12;0;;;0
Nordeste;CE;Icapuí;23;230535;23007;7ª REGIAO ARACATI;2020-09-10;37;19934;446;5;12;0;;;0
Nordeste;CE;Icapuí;23;230535;23007;7ª REGIAO ARACATI;2020-09-11;37;19934;455;9;12;0;;;0
Nordeste;CE;Icapuí;23;230535;23007;7ª REGIAO ARACATI;2020-09-12;37;19934;458;3;12;0;;;0
Nordeste;CE;Icapuí;23;230535;23007;7ª REGIAO ARACATI;2020-09-13;38;19934;458;0;12;0;;;0
Nordeste;CE;Icapuí;23;230535;23007;7ª REGIAO ARACATI;2020-09-14;38;19934;458;0;12;0;;;0
Nordeste;CE;Icapuí;23;230535;23007;7ª REGIAO ARACATI;2020-09-15;38;19934;487;29;12;0;;;0
Nordeste;CE;Icapuí;23;230535;23007;7ª REGIAO ARACATI;2020-09-16;38;19934;493;6;12;0;;;0
Nordeste;CE;Icapuí;23;230535;23007;7ª REGIAO ARACATI;2020-09-17;38;19934;497;4;12;0;;;0
Nordeste;CE;Icapuí;23;230535;23007;7ª REGIAO ARACATI;2020-09-18;38;19934;493;-4;12;0;;;0
Nordeste;CE;Icapuí;23;230535;23007;7ª REGIAO ARACATI;2020-09-19;38;19934;498;5;12;0;;;0
Nordeste;CE;Icapuí;23;230535;23007;7ª REGIAO ARACATI;2020-09-20;39;19934;506;8;12;0;;;0
Nordeste;CE;Icapuí;23;230535;23007;7ª REGIAO ARACATI;2020-09-21;39;19934;506;0;12;0;;;0
Nordeste;CE;Icapuí;23;230535;23007;7ª REGIAO ARACATI;2020-09-22;39;19934;510;4;12;0;;;0
Nordeste;CE;Icapuí;23;230535;23007;7ª REGIAO ARACATI;2020-09-23;39;19934;512;2;12;0;;;0
Nordeste;CE;Icapuí;23;230535;23007;7ª REGIAO ARACATI;2020-09-24;39;19934;517;5;12;0;;;0
Nordeste;CE;Icapuí;23;230535;23007;7ª REGIAO ARACATI;2020-09-25;39;19934;517;0;12;0;;;0
Nordeste;CE;Icapuí;23;230535;23007;7ª REGIAO ARACATI;2020-09-26;39;19934;526;9;12;0;;;0
Nordeste;CE;Icapuí;23;230535;23007;7ª REGIAO ARACATI;2020-09-27;40;19934;526;0;12;0;;;0
Nordeste;CE;Icapuí;23;230535;23007;7ª REGIAO ARACATI;2020-09-28;40;19934;526;0;12;0;;;0
Nordeste;CE;Icapuí;23;230535;23007;7ª REGIAO ARACATI;2020-09-29;40;19934;526;0;12;0;;;0
Nordeste;CE;Icapuí;23;230535;23007;7ª REGIAO ARACATI;2020-09-30;40;19934;528;2;12;0;;;0
Nordeste;CE;Icapuí;23;230535;23007;7ª REGIAO ARACATI;2020-10-01;40;19934;529;1;12;0;;;0
Nordeste;CE;Icapuí;23;230535;23007;7ª REGIAO ARACATI;2020-10-02;40;19934;529;0;12;0;;;0
Nordeste;CE;Icapuí;23;230535;23007;7ª REGIAO ARACATI;2020-10-03;40;19934;529;0;12;0;;;0
Nordeste;CE;Icapuí;23;230535;23007;7ª REGIAO ARACATI;2020-10-04;41;19934;529;0;12;0;;;0
Nordeste;CE;Icapuí;23;230535;23007;7ª REGIAO ARACATI;2020-10-05;41;19934;529;0;12;0;;;0
Nordeste;CE;Icapuí;23;230535;23007;7ª REGIAO ARACATI;2020-10-06;41;19934;557;28;12;0;;;0
Nordeste;CE;Icapuí;23;230535;23007;7ª REGIAO ARACATI;2020-10-07;41;19934;558;1;12;0;;;0
Nordeste;CE;Icapuí;23;230535;23007;7ª REGIAO ARACATI;2020-10-08;41;19934;567;9;12;0;;;0
Nordeste;CE;Icapuí;23;230535;23007;7ª REGIAO ARACATI;2020-10-09;41;19934;568;1;12;0;;;0
Nordeste;CE;Icapuí;23;230535;23007;7ª REGIAO ARACATI;2020-10-10;41;19934;578;10;12;0;;;0
Nordeste;CE;Icapuí;23;230535;23007;7ª REGIAO ARACATI;2020-10-11;42;19934;578;0;12;0;;;0
Nordeste;CE;Icapuí;23;230535;23007;7ª REGIAO ARACATI;2020-10-12;42;19934;578;0;12;0;;;0
Nordeste;CE;Icapuí;23;230535;23007;7ª REGIAO ARACATI;2020-10-13;42;19934;578;0;12;0;;;0
Nordeste;CE;Icapuí;23;230535;23007;7ª REGIAO ARACATI;2020-10-14;42;19934;581;3;12;0;;;0
Nordeste;CE;Icapuí;23;230535;23007;7ª REGIAO ARACATI;2020-10-15;42;19934;584;3;12;0;;;0
Nordeste;CE;Icapuí;23;230535;23007;7ª REGIAO ARACATI;2020-10-16;42;19934;583;-1;12;0;;;0
Nordeste;CE;Icapuí;23;230535;23007;7ª REGIAO ARACATI;2020-10-17;42;19934;584;1;12;0;;;0
Nordeste;CE;Icapuí;23;230535;23007;7ª REGIAO ARACATI;2020-10-18;43;19934;585;1;12;0;;;0
Nordeste;CE;Icapuí;23;230535;23007;7ª REGIAO ARACATI;2020-10-19;43;19934;585;0;12;0;;;0
Nordeste;CE;Icapuí;23;230535;23007;7ª REGIAO ARACATI;2020-10-20;43;19934;588;3;12;0;;;0
Nordeste;CE;Icapuí;23;230535;23007;7ª REGIAO ARACATI;2020-10-21;43;19934;588;0;12;0;;;0
Nordeste;CE;Icapuí;23;230535;23007;7ª REGIAO ARACATI;2020-10-22;43;19934;592;4;12;0;;;0
Nordeste;CE;Icapuí;23;230535;23007;7ª REGIAO ARACATI;2020-10-23;43;19934;595;3;12;0;;;0
Nordeste;CE;Icapuí;23;230535;23007;7ª REGIAO ARACATI;2020-10-24;43;19934;595;0;12;0;;;0
Nordeste;CE;Icapuí;23;230535;23007;7ª REGIAO ARACATI;2020-10-25;44;19934;597;2;12;0;;;0
Nordeste;CE;Icapuí;23;230535;23007;7ª REGIAO ARACATI;2020-10-26;44;19934;597;0;12;0;;;0
Nordeste;CE;Icapuí;23;230535;23007;7ª REGIAO ARACATI;2020-10-27;44;19934;597;0;12;0;;;0
Nordeste;CE;Icapuí;23;230535;23007;7ª REGIAO ARACATI;2020-10-28;44;19934;601;4;12;0;;;0
Nordeste;CE;Icapuí;23;230535;23007;7ª REGIAO ARACATI;2020-10-29;44;19934;602;1;12;0;;;0
Nordeste;CE;Icapuí;23;230535;23007;7ª REGIAO ARACATI;2020-10-30;44;19934;602;0;12;0;;;0
Nordeste;CE;Icapuí;23;230535;23007;7ª REGIAO ARACATI;2020-10-31;44;19934;602;0;12;0;;;0
Nordeste;CE;Icapuí;23;230535;23007;7ª REGIAO ARACATI;2020-11-01;45;19934;602;0;12;0;;;0
Nordeste;CE;Icapuí;23;230535;23007;7ª REGIAO ARACATI;2020-11-02;45;19934;602;0;12;0;;;0
Nordeste;CE;Icapuí;23;230535;23007;7ª REGIAO ARACATI;2020-11-03;45;19934;602;0;12;0;;;0
Nordeste;CE;Icapuí;23;230535;23007;7ª REGIAO ARACATI;2020-11-04;45;19934;602;0;12;0;;;0
Nordeste;CE;Icapuí;23;230535;23007;7ª REGIAO ARACATI;2020-11-05;45;19934;608;6;12;0;;;0
Nordeste;CE;Icapuí;23;230535;23007;7ª REGIAO ARACATI;2020-11-06;45;19934;611;3;12;0;;;0
Nordeste;CE;Icapuí;23;230535;23007;7ª REGIAO ARACATI;2020-11-07;45;19934;611;0;12;0;;;0
Nordeste;CE;Icapuí;23;230535;23007;7ª REGIAO ARACATI;2020-11-08;46;19934;611;0;12;0;;;0
Nordeste;CE;Icapuí;23;230535;23007;7ª REGIAO ARACATI;2020-11-09;46;19934;615;4;12;0;;;0
Nordeste;CE;Icapuí;23;230535;23007;7ª REGIAO ARACATI;2020-11-10;46;19934;625;10;12;0;;;0
Nordeste;CE;Icapuí;23;230535;23007;7ª REGIAO ARACATI;2020-11-11;46;19934;625;0;12;0;;;0
Nordeste;CE;Icapuí;23;230535;23007;7ª REGIAO ARACATI;2020-11-12;46;19934;625;0;12;0;;;0
Nordeste;CE;Icapuí;23;230535;23007;7ª REGIAO ARACATI;2020-11-13;46;19934;626;1;12;0;;;0
Nordeste;CE;Icapuí;23;230535;23007;7ª REGIAO ARACATI;2020-11-14;46;19934;628;2;12;0;;;0
Nordeste;CE;Icapuí;23;230535;23007;7ª REGIAO ARACATI;2020-11-15;47;19934;629;1;12;0;;;0
Nordeste;CE;Icapuí;23;230535;23007;7ª REGIAO ARACATI;2020-11-16;47;19934;630;1;12;0;;;0
Nordeste;CE;Icapuí;23;230535;23007;7ª REGIAO ARACATI;2020-11-17;47;19934;630;0;12;0;;;0
Nordeste;CE;Icapuí;23;230535;23007;7ª REGIAO ARACATI;2020-11-18;47;19934;638;8;12;0;;;0
Nordeste;CE;Icapuí;23;230535;23007;7ª REGIAO ARACATI;2020-11-19;47;19934;653;15;12;0;;;0
Nordeste;CE;Icapuí;23;230535;23007;7ª REGIAO ARACATI;2020-11-20;47;19934;656;3;12;0;;;0
Nordeste;CE;Icapuí;23;230535;23007;7ª REGIAO ARACATI;2020-11-21;47;19934;660;4;12;0;;;0
Nordeste;CE;Icapuí;23;230535;23007;7ª REGIAO ARACATI;2020-11-22;48;19934;660;0;12;0;;;0
Nordeste;CE;Icapuí;23;230535;23007;7ª REGIAO ARACATI;2020-11-23;48;19934;663;3;12;0;;;0
Nordeste;CE;Icapuí;23;230535;23007;7ª REGIAO ARACATI;2020-11-24;48;19934;663;0;12;0;;;0
Nordeste;CE;Icapuí;23;230535;23007;7ª REGIAO ARACATI;2020-11-25;48;19934;693;30;12;0;;;0
Nordeste;CE;Icapuí;23;230535;23007;7ª REGIAO ARACATI;2020-11-26;48;19934;692;-1;12;0;;;0
Nordeste;CE;Icapuí;23;230535;23007;7ª REGIAO ARACATI;2020-11-27;48;19934;693;1;12;0;;;0
Nordeste;CE;Icapuí;23;230535;23007;7ª REGIAO ARACATI;2020-11-28;48;19934;711;18;12;0;;;0
Nordeste;CE;Icapuí;23;230535;23007;7ª REGIAO ARACATI;2020-11-29;49;19934;711;0;13;1;;;0
Nordeste;CE;Icapuí;23;230535;23007;7ª REGIAO ARACATI;2020-11-30;49;19934;715;4;13;0;;;0
Nordeste;CE;Icapuí;23;230535;23007;7ª REGIAO ARACATI;2020-12-01;49;19934;721;6;13;0;;;0
Nordeste;CE;Icapuí;23;230535;23007;7ª REGIAO ARACATI;2020-12-02;49;19934;721;0;13;0;;;0
Nordeste;CE;Icapuí;23;230535;23007;7ª REGIAO ARACATI;2020-12-03;49;19934;732;11;13;0;;;0
Nordeste;CE;Icapuí;23;230535;23007;7ª REGIAO ARACATI;2020-12-04;49;19934;738;6;13;0;;;0
Nordeste;CE;Icapuí;23;230535;23007;7ª REGIAO ARACATI;2020-12-05;49;19934;741;3;13;0;;;0
Nordeste;CE;Icapuí;23;230535;23007;7ª REGIAO ARACATI;2020-12-06;50;19934;741;0;13;0;;;0
Nordeste;CE;Icapuí;23;230535;23007;7ª REGIAO ARACATI;2020-12-07;50;19934;741;0;13;0;;;0
Nordeste;CE;Icapuí;23;230535;23007;7ª REGIAO ARACATI;2020-12-08;50;19934;749;8;13;0;;;0
Nordeste;CE;Icapuí;23;230535;23007;7ª REGIAO ARACATI;2020-12-09;50;19934;788;39;13;0;;;0
Nordeste;CE;Icapuí;23;230535;23007;7ª REGIAO ARACATI;2020-12-10;50;19934;794;6;13;0;;;0
Nordeste;CE;Icapuí;23;230535;23007;7ª REGIAO ARACATI;2020-12-11;50;19934;802;8;13;0;;;0
Nordeste;CE;Icapuí;23;230535;23007;7ª REGIAO ARACATI;2020-12-12;50;19934;802;0;13;0;;;0
Nordeste;CE;Icapuí;23;230535;23007;7ª REGIAO ARACATI;2020-12-13;51;19934;809;7;13;0;;;0
Nordeste;CE;Icapuí;23;230535;23007;7ª REGIAO ARACATI;2020-12-14;51;19934;809;0;13;0;;;0
Nordeste;CE;Icapuí;23;230535;23007;7ª REGIAO ARACATI;2020-12-15;51;19934;809;0;13;0;;;0
Nordeste;CE;Icapuí;23;230535;23007;7ª REGIAO ARACATI;2020-12-16;51;19934;825;16;13;0;;;0
Nordeste;CE;Icapuí;23;230535;23007;7ª REGIAO ARACATI;2020-12-17;51;19934;829;4;13;0;;;0
Nordeste;CE;Icapuí;23;230535;23007;7ª REGIAO ARACATI;2020-12-18;51;19934;835;6;13;0;;;0
Nordeste;CE;Icapuí;23;230535;23007;7ª REGIAO ARACATI;2020-12-19;51;19934;836;1;13;0;;;0
Nordeste;CE;Icapuí;23;230535;23007;7ª REGIAO ARACATI;2020-12-20;52;19934;851;15;13;0;;;0
Nordeste;CE;Icapuí;23;230535;23007;7ª REGIAO ARACATI;2020-12-21;52;19934;851;0;13;0;;;0
Nordeste;CE;Icapuí;23;230535;23007;7ª REGIAO ARACATI;2020-12-22;52;19934;853;2;13;0;;;0
Nordeste;CE;Icapuí;23;230535;23007;7ª REGIAO ARACATI;2020-12-23;52;19934;858;5;13;0;;;0
Nordeste;CE;Icapuí;23;230535;23007;7ª REGIAO ARACATI;2020-12-24;52;19934;867;9;13;0;;;0
Nordeste;CE;Icapuí;23;230535;23007;7ª REGIAO ARACATI;2020-12-25;52;19934;867;0;13;0;;;0
Nordeste;CE;Icapuí;23;230535;23007;7ª REGIAO ARACATI;2020-12-26;52;19934;879;12;13;0;;;0
Nordeste;CE;Icapuí;23;230535;23007;7ª REGIAO ARACATI;2020-12-27;53;19934;879;0;13;0;;;0
Nordeste;CE;Icapuí;23;230535;23007;7ª REGIAO ARACATI;2020-12-28;53;19934;879;0;13;0;;;0
Nordeste;CE;Icapuí;23;230535;23007;7ª REGIAO ARACATI;2020-12-29;53;19934;884;5;13;0;;;0
Nordeste;CE;Icapuí;23;230535;23007;7ª REGIAO ARACATI;2020-12-30;53;19934;897;13;13;0;;;0
Nordeste;CE;Icapuí;23;230535;23007;7ª REGIAO ARACATI;2020-12-31;53;19934;899;2;13;0;;;0
Nordeste;CE;Icapuí;23;230535;23007;7ª REGIAO ARACATI;2021-01-01;53;19934;899;0;13;0;;;0
Nordeste;CE;Icapuí;23;230535;23007;7ª REGIAO ARACATI;2021-01-02;53;19934;901;2;13;0;;;0
Nordeste;CE;Icapuí;23;230535;23007;7ª REGIAO ARACATI;2021-01-03;1;19934;901;0;13;0;;;0
Nordeste;CE;Icapuí;23;230535;23007;7ª REGIAO ARACATI;2021-01-04;1;19934;901;0;13;0;;;0
Nordeste;CE;Icapuí;23;230535;23007;7ª REGIAO ARACATI;2021-01-05;1;19934;908;7;13;0;;;0
Nordeste;CE;Icapuí;23;230535;23007;7ª REGIAO ARACATI;2021-01-06;1;19934;910;2;13;0;;;0
Nordeste;CE;Icapuí;23;230535;23007;7ª REGIAO ARACATI;2021-01-07;1;19934;911;1;13;0;;;0
Nordeste;CE;Icapuí;23;230535;23007;7ª REGIAO ARACATI;2021-01-08;1;19934;920;9;14;1;;;0
Nordeste;CE;Icapuí;23;230535;23007;7ª REGIAO ARACATI;2021-01-09;1;19934;930;10;14;0;;;0
Nordeste;CE;Icapuí;23;230535;23007;7ª REGIAO ARACATI;2021-01-10;2;19934;929;-1;14;0;;;0
Nordeste;CE;Icapuí;23;230535;23007;7ª REGIAO ARACATI;2021-01-11;2;19934;937;8;14;0;;;0
Nordeste;CE;Icapuí;23;230535;23007;7ª REGIAO ARACATI;2021-01-12;2;19934;937;0;14;0;;;0
Nordeste;CE;Icapuí;23;230535;23007;7ª REGIAO ARACATI;2021-01-13;2;19934;964;27;14;0;;;0
Nordeste;CE;Icapuí;23;230535;23007;7ª REGIAO ARACATI;2021-01-14;2;19934;967;3;14;0;;;0
Nordeste;CE;Icapuí;23;230535;23007;7ª REGIAO ARACATI;2021-01-15;2;19934;971;4;14;0;;;0
Nordeste;CE;Icapuí;23;230535;23007;7ª REGIAO ARACATI;2021-01-16;2;19934;972;1;14;0;;;0
Nordeste;CE;Icapuí;23;230535;23007;7ª REGIAO ARACATI;2021-01-17;3;19934;974;2;14;0;;;0
Nordeste;CE;Icapuí;23;230535;23007;7ª REGIAO ARACATI;2021-01-18;3;19934;974;0;14;0;;;0
Nordeste;CE;Icapuí;23;230535;23007;7ª REGIAO ARACATI;2021-01-19;3;19934;984;10;14;0;;;0
Nordeste;CE;Icapuí;23;230535;23007;7ª REGIAO ARACATI;2021-01-20;3;19934;984;0;14;0;;;0
Nordeste;CE;Icapuí;23;230535;23007;7ª REGIAO ARACATI;2021-01-21;3;19934;991;7;14;0;;;0
Nordeste;CE;Icapuí;23;230535;23007;7ª REGIAO ARACATI;2021-01-22;3;19934;991;0;14;0;;;0
Nordeste;CE;Icapuí;23;230535;23007;7ª REGIAO ARACATI;2021-01-23;3;19934;991;0;14;0;;;0
Nordeste;CE;Icapuí;23;230535;23007;7ª REGIAO ARACATI;2021-01-24;4;19934;998;7;14;0;;;0
Nordeste;CE;Icapuí;23;230535;23007;7ª REGIAO ARACATI;2021-01-25;4;19934;998;0;14;0;;;0
Nordeste;CE;Icapuí;23;230535;23007;7ª REGIAO ARACATI;2021-01-26;4;19934;1000;2;14;0;;;0
Nordeste;CE;Icapuí;23;230535;23007;7ª REGIAO ARACATI;2021-01-27;4;19934;1001;1;14;0;;;0
Nordeste;CE;Icapuí;23;230535;23007;7ª REGIAO ARACATI;2021-01-28;4;19934;1002;1;14;0;;;0
Nordeste;CE;Icapuí;23;230535;23007;7ª REGIAO ARACATI;2021-01-29;4;19934;1003;1;14;0;;;0
Nordeste;CE;Icapuí;23;230535;23007;7ª REGIAO ARACATI;2021-01-30;4;19934;1003;0;14;0;;;0
Nordeste;CE;Icapuí;23;230535;23007;7ª REGIAO ARACATI;2021-01-31;5;19934;1003;0;14;0;;;0
Nordeste;CE;Icapuí;23;230535;23007;7ª REGIAO ARACATI;2021-02-01;5;19934;1012;9;14;0;;;0
Nordeste;CE;Icapuí;23;230535;23007;7ª REGIAO ARACATI;2021-02-02;5;19934;1013;1;14;0;;;0
Nordeste;CE;Icapuí;23;230535;23007;7ª REGIAO ARACATI;2021-02-03;5;19934;1019;6;14;0;;;0
Nordeste;CE;Icapuí;23;230535;23007;7ª REGIAO ARACATI;2021-02-04;5;19934;1019;0;14;0;;;0
Nordeste;CE;Icapuí;23;230535;23007;7ª REGIAO ARACATI;2021-02-05;5;19934;1031;12;14;0;;;0
Nordeste;CE;Icapuí;23;230535;23007;7ª REGIAO ARACATI;2021-02-06;5;19934;1030;-1;14;0;;;0
Nordeste;CE;Icapuí;23;230535;23007;7ª REGIAO ARACATI;2021-02-07;6;19934;1030;0;14;0;;;0
Nordeste;CE;Icapuí;23;230535;23007;7ª REGIAO ARACATI;2021-02-08;6;19934;1035;5;14;0;;;0
Nordeste;CE;Icapuí;23;230535;23007;7ª REGIAO ARACATI;2021-02-09;6;19934;1035;0;14;0;;;0
Nordeste;CE;Icapuí;23;230535;23007;7ª REGIAO ARACATI;2021-02-10;6;19934;1035;0;14;0;;;0
Nordeste;CE;Icapuí;23;230535;23007;7ª REGIAO ARACATI;2021-02-11;6;19934;1051;16;14;0;;;0
Nordeste;CE;Icapuí;23;230535;23007;7ª REGIAO ARACATI;2021-02-12;6;19934;1052;1;14;0;;;0
Nordeste;CE;Icapuí;23;230535;23007;7ª REGIAO ARACATI;2021-02-13;6;19934;1052;0;14;0;;;0
Nordeste;CE;Icapuí;23;230535;23007;7ª REGIAO ARACATI;2021-02-14;7;19934;1061;9;15;1;;;0
Nordeste;CE;Icapuí;23;230535;23007;7ª REGIAO ARACATI;2021-02-15;7;19934;1072;11;15;0;;;0
Nordeste;CE;Icapuí;23;230535;23007;7ª REGIAO ARACATI;2021-02-16;7;19934;1072;0;15;0;;;0
Nordeste;CE;Icapuí;23;230535;23007;7ª REGIAO ARACATI;2021-02-17;7;19934;1115;43;14;-1;;;0
Nordeste;CE;Icapuí;23;230535;23007;7ª REGIAO ARACATI;2021-02-18;7;19934;1115;0;14;0;;;0
Nordeste;CE;Icapuí;23;230535;23007;7ª REGIAO ARACATI;2021-02-19;7;19934;1096;-19;14;0;;;0
Nordeste;CE;Icapuí;23;230535;23007;7ª REGIAO ARACATI;2021-02-20;7;19934;1105;9;14;0;;;0
Nordeste;CE;Icapuí;23;230535;23007;7ª REGIAO ARACATI;2021-02-21;8;19934;1108;3;14;0;;;0
Nordeste;CE;Icapuí;23;230535;23007;7ª REGIAO ARACATI;2021-02-22;8;19934;1109;1;14;0;;;0
Nordeste;CE;Icapuí;23;230535;23007;7ª REGIAO ARACATI;2021-02-23;8;19934;1111;2;14;0;;;0
Nordeste;CE;Icapuí;23;230535;23007;7ª REGIAO ARACATI;2021-02-24;8;19934;1112;1;15;1;;;0
Nordeste;CE;Icapuí;23;230535;23007;7ª REGIAO ARACATI;2021-02-25;8;19934;1129;17;15;0;;;0
Nordeste;CE;Icapuí;23;230535;23007;7ª REGIAO ARACATI;2021-02-26;8;19934;1134;5;15;0;;;0
Nordeste;CE;Icapuí;23;230535;23007;7ª REGIAO ARACATI;2021-02-27;8;19934;1139;5;15;0;;;0
Nordeste;CE;Icapuí;23;230535;23007;7ª REGIAO ARACATI;2021-02-28;9;19934;1139;0;15;0;;;0
Nordeste;CE;Icapuí;23;230535;23007;7ª REGIAO ARACATI;2021-03-01;9;19934;1156;17;15;0;;;0
Nordeste;CE;Icapuí;23;230535;23007;7ª REGIAO ARACATI;2021-03-02;9;19934;1160;4;15;0;;;0
Nordeste;CE;Icapuí;23;230535;23007;7ª REGIAO ARACATI;2021-03-03;9;19934;1161;1;15;0;;;0
Nordeste;CE;Icapuí;23;230535;23007;7ª REGIAO ARACATI;2021-03-04;9;19934;1161;0;16;1;;;0
Nordeste;CE;Icapuí;23;230535;23007;7ª REGIAO ARACATI;2021-03-05;9;19934;1162;1;17;1;;;0
Nordeste;CE;Icapuí;23;230535;23007;7ª REGIAO ARACATI;2021-03-06;9;19934;1161;-1;17;0;;;0
Nordeste;CE;Icapuí;23;230535;23007;7ª REGIAO ARACATI;2021-03-07;10;19934;1161;0;17;0;;;0
Nordeste;CE;Icapuí;23;230535;23007;7ª REGIAO ARACATI;2021-03-08;10;19934;1185;24;17;0;;;0
Nordeste;CE;Icapuí;23;230535;23007;7ª REGIAO ARACATI;2021-03-09;10;19934;1191;6;17;0;;;0
Nordeste;CE;Icapuí;23;230535;23007;7ª REGIAO ARACATI;2021-03-10;10;19934;1196;5;17;0;;;0
Nordeste;CE;Icapuí;23;230535;23007;7ª REGIAO ARACATI;2021-03-11;10;19934;1197;1;17;0;;;0
Nordeste;CE;Icapuí;23;230535;23007;7ª REGIAO ARACATI;2021-03-12;10;19934;1199;2;17;0;;;0
Nordeste;CE;Icapuí;23;230535;23007;7ª REGIAO ARACATI;2021-03-13;10;19934;1222;23;17;0;;;0
Nordeste;CE;Icapuí;23;230535;23007;7ª REGIAO ARACATI;2021-03-14;11;19934;1231;9;17;0;;;0
Nordeste;CE;Icapuí;23;230535;23007;7ª REGIAO ARACATI;2021-03-15;11;19934;1236;5;17;0;;;0
Nordeste;CE;Icapuí;23;230535;23007;7ª REGIAO ARACATI;2021-03-16;11;19934;1244;8;17;0;;;0
Nordeste;CE;Icapuí;23;230535;23007;7ª REGIAO ARACATI;2021-03-17;11;19934;1243;-1;17;0;;;0
Nordeste;CE;Icapuí;23;230535;23007;7ª REGIAO ARACATI;2021-03-18;11;19934;1261;18;18;1;;;0
Nordeste;CE;Icapuí;23;230535;23007;7ª REGIAO ARACATI;2021-03-19;11;19934;1279;18;18;0;;;0
Nordeste;CE;Icapuí;23;230535;23007;7ª REGIAO ARACATI;2021-03-20;11;19934;1284;5;19;1;;;0
Nordeste;CE;Icapuí;23;230535;23007;7ª REGIAO ARACATI;2021-03-21;12;19934;1284;0;19;0;;;0
Nordeste;CE;Icapuí;23;230535;23007;7ª REGIAO ARACATI;2021-03-22;12;19934;1285;1;19;0;;;0
Nordeste;CE;Icapuí;23;230535;23007;7ª REGIAO ARACATI;2021-03-23;12;19934;1302;17;19;0;;;0
Nordeste;CE;Icapuí;23;230535;23007;7ª REGIAO ARACATI;2021-03-24;12;19934;1302;0;19;0;;;0
Nordeste;CE;Icapuí;23;230535;23007;7ª REGIAO ARACATI;2021-03-25;12;19934;1312;10;19;0;;;0
Nordeste;CE;Icapuí;23;230535;23007;7ª REGIAO ARACATI;2021-03-26;12;19934;1312;0;19;0;;;0
Nordeste;CE;Icapuí;23;230535;23007;7ª REGIAO ARACATI;2021-03-27;12;19934;1348;36;20;1;;;0
Nordeste;CE;Icapuí;23;230535;23007;7ª REGIAO ARACATI;2021-03-28;13;19934;1350;2;20;0;;;0
Nordeste;CE;Icapuí;23;230535;23007;7ª REGIAO ARACATI;2021-03-29;13;19934;1379;29;20;0;;;0
Nordeste;CE;Icapuí;23;230535;23007;7ª REGIAO ARACATI;2021-03-30;13;19934;1379;0;21;1;;;0
Nordeste;CE;Icapuí;23;230535;23007;7ª REGIAO ARACATI;2021-03-31;13;19934;1387;8;21;0;;;0
Nordeste;CE;Icapuí;23;230535;23007;7ª REGIAO ARACATI;2021-04-01;13;19934;1389;2;21;0;;;0
Nordeste;CE;Icapuí;23;230535;23007;7ª REGIAO ARACATI;2021-04-02;13;19934;1408;19;21;0;;;0
Nordeste;CE;Icapuí;23;230535;23007;7ª REGIAO ARACATI;2021-04-03;13;19934;1408;0;21;0;;;0
Nordeste;CE;Icapuí;23;230535;23007;7ª REGIAO ARACATI;2021-04-04;14;19934;1416;8;21;0;;;0
Nordeste;CE;Icapuí;23;230535;23007;7ª REGIAO ARACATI;2021-04-05;14;19934;1416;0;21;0;;;0
Nordeste;CE;Icapuí;23;230535;23007;7ª REGIAO ARACATI;2021-04-06;14;19934;1418;2;21;0;;;0
Nordeste;CE;Icapuí;23;230535;23007;7ª REGIAO ARACATI;2021-04-07;14;19934;1432;14;21;0;;;0
Nordeste;CE;Icapuí;23;230535;23007;7ª REGIAO ARACATI;2021-04-08;14;19934;1433;1;21;0;;;0
Nordeste;CE;Icapuí;23;230535;23007;7ª REGIAO ARACATI;2021-04-09;14;19934;1445;12;21;0;;;0
Nordeste;CE;Icapuí;23;230535;23007;7ª REGIAO ARACATI;2021-04-10;14;19934;1446;1;21;0;;;0
Nordeste;CE;Icapuí;23;230535;23007;7ª REGIAO ARACATI;2021-04-11;15;19934;1463;17;21;0;;;0
Nordeste;CE;Icapuí;23;230535;23007;7ª REGIAO ARACATI;2021-04-12;15;19934;1504;41;21;0;;;0
Nordeste;CE;Icapuí;23;230535;23007;7ª REGIAO ARACATI;2021-04-13;15;19934;1506;2;21;0;;;0
Nordeste;CE;Icapuí;23;230535;23007;7ª REGIAO ARACATI;2021-04-14;15;19934;1506;0;21;0;;;0
Nordeste;CE;Icapuí;23;230535;23007;7ª REGIAO ARACATI;2021-04-15;15;19934;1506;0;21;0;;;0
Nordeste;CE;Icapuí;23;230535;23007;7ª REGIAO ARACATI;2021-04-16;15;19934;1529;23;21;0;;;0
Nordeste;CE;Icapuí;23;230535;23007;7ª REGIAO ARACATI;2021-04-17;15;19934;1546;17;21;0;;;0
Nordeste;CE;Icapuí;23;230535;23007;7ª REGIAO ARACATI;2021-04-18;16;19934;1552;6;21;0;;;0
Nordeste;CE;Icapuí;23;230535;23007;7ª REGIAO ARACATI;2021-04-19;16;19934;1554;2;21;0;;;0
Nordeste;CE;Icapuí;23;230535;23007;7ª REGIAO ARACATI;2021-04-20;16;19934;1554;0;21;0;;;0
Nordeste;CE;Icapuí;23;230535;23007;7ª REGIAO ARACATI;2021-04-21;16;19934;1600;46;21;0;;;0
Nordeste;CE;Icapuí;23;230535;23007;7ª REGIAO ARACATI;2021-04-22;16;19934;1609;9;21;0;;;0
Nordeste;CE;Icapuí;23;230535;23007;7ª REGIAO ARACATI;2021-04-23;16;19934;1612;3;21;0;;;0
Nordeste;CE;Icapuí;23;230535;23007;7ª REGIAO ARACATI;2021-04-24;16;19934;1635;23;21;0;;;0
Nordeste;CE;Icapuí;23;230535;23007;7ª REGIAO ARACATI;2021-04-25;17;19934;1658;23;21;0;;;0
Nordeste;CE;Icapuí;23;230535;23007;7ª REGIAO ARACATI;2021-04-26;17;19934;1660;2;21;0;;;0
Nordeste;CE;Icapuí;23;230535;23007;7ª REGIAO ARACATI;2021-04-27;17;19934;1702;42;22;1;;;0
Nordeste;CE;Icapuí;23;230535;23007;7ª REGIAO ARACATI;2021-04-28;17;19934;1704;2;22;0;;;0
Nordeste;CE;Icapuí;23;230535;23007;7ª REGIAO ARACATI;2021-04-29;17;19934;1705;1;22;0;;;0
Nordeste;CE;Icapuí;23;230535;23007;7ª REGIAO ARACATI;2021-04-30;17;19934;1705;0;22;0;;;0
Nordeste;CE;Icapuí;23;230535;23007;7ª REGIAO ARACATI;2021-05-01;17;19934;1760;55;23;1;;;0
Nordeste;CE;Icapuí;23;230535;23007;7ª REGIAO ARACATI;2021-05-02;18;19934;1760;0;23;0;;;0
Nordeste;CE;Icapuí;23;230535;23007;7ª REGIAO ARACATI;2021-05-03;18;19934;1760;0;23;0;;;0
Nordeste;CE;Icapuí;23;230535;23007;7ª REGIAO ARACATI;2021-05-04;18;19934;1788;28;23;0;;;0
Nordeste;CE;Icapuí;23;230535;23007;7ª REGIAO ARACATI;2021-05-05;18;19934;1790;2;23;0;;;0
Nordeste;CE;Icapuí;23;230535;23007;7ª REGIAO ARACATI;2021-05-06;18;19934;1819;29;23;0;;;0
Nordeste;CE;Icapuí;23;230535;23007;7ª REGIAO ARACATI;2021-05-07;18;19934;1829;10;23;0;;;0
Nordeste;CE;Icapuí;23;230535;23007;7ª REGIAO ARACATI;2021-05-08;18;19934;1829;0;23;0;;;0
Nordeste;CE;Icapuí;23;230535;23007;7ª REGIAO ARACATI;2021-05-09;19;19934;1903;74;23;0;;;0
Nordeste;CE;Icapuí;23;230535;23007;7ª REGIAO ARACATI;2021-05-10;19;19934;1903;0;23;0;;;0
Nordeste;CE;Icapuí;23;230535;23007;7ª REGIAO ARACATI;2021-05-11;19;19934;1905;2;23;0;;;0
Nordeste;CE;Icapuí;23;230535;23007;7ª REGIAO ARACATI;2021-05-12;19;19934;1924;19;23;0;;;0
Nordeste;CE;Icapuí;23;230535;23007;7ª REGIAO ARACATI;2021-05-13;19;19934;1884;-40;23;0;;;0
Nordeste;CE;Icapuí;23;230535;23007;7ª REGIAO ARACATI;2021-05-14;19;19934;1908;24;23;0;;;0
Nordeste;CE;Icapuí;23;230535;23007;7ª REGIAO ARACATI;2021-05-15;19;19934;1908;0;23;0;;;0
Nordeste;CE;Icapuí;23;230535;23007;7ª REGIAO ARACATI;2021-05-16;20;19934;1915;7;23;0;;;0
Nordeste;CE;Icapuí;23;230535;23007;7ª REGIAO ARACATI;2021-05-17;20;19934;1952;37;23;0;;;0
Nordeste;CE;Icapuí;23;230535;23007;7ª REGIAO ARACATI;2021-05-18;20;19934;1971;19;23;0;;;0
Nordeste;CE;Icapuí;23;230535;23007;7ª REGIAO ARACATI;2021-05-19;20;19934;1989;18;23;0;;;0
Nordeste;CE;Icapuí;23;230535;23007;7ª REGIAO ARACATI;2021-05-20;20;19934;1999;10;23;0;;;0
Nordeste;CE;Icapuí;23;230535;23007;7ª REGIAO ARACATI;2021-05-21;20;19934;1996;-3;23;0;;;0
Nordeste;CE;Icapuí;23;230535;23007;7ª REGIAO ARACATI;2021-05-22;20;19934;2015;19;23;0;;;0
Nordeste;CE;Icapuí;23;230535;23007;7ª REGIAO ARACATI;2021-05-23;21;19934;2040;25;23;0;;;0
Nordeste;CE;Icapuí;23;230535;23007;7ª REGIAO ARACATI;2021-05-24;21;19934;2082;42;23;0;;;0
Nordeste;CE;Icapuí;23;230535;23007;7ª REGIAO ARACATI;2021-05-25;21;19934;2115;33;23;0;;;0
Nordeste;CE;Icapuí;23;230535;23007;7ª REGIAO ARACATI;2021-05-26;21;19934;2131;16;23;0;;;0
Nordeste;CE;Icapuí;23;230535;23007;7ª REGIAO ARACATI;2021-05-27;21;19934;2123;-8;24;1;;;0
Nordeste;CE;Icapuí;23;230535;23007;7ª REGIAO ARACATI;2021-05-28;21;19934;2151;28;26;2;;;0
Nordeste;CE;Icapuí;23;230535;23007;7ª REGIAO ARACATI;2021-05-29;21;19934;2200;49;26;0;;;0
Nordeste;CE;Icapuí;23;230535;23007;7ª REGIAO ARACATI;2021-05-30;22;19934;2200;0;26;0;;;0
Nordeste;CE;Icapuí;23;230535;23007;7ª REGIAO ARACATI;2021-05-31;22;19934;2212;12;26;0;;;0
Nordeste;CE;Icapuí;23;230535;23007;7ª REGIAO ARACATI;2021-06-01;22;19934;2217;5;26;0;;;0
Nordeste;CE;Icapuí;23;230535;23007;7ª REGIAO ARACATI;2021-06-02;22;19934;2252;35;26;0;;;0
Nordeste;CE;Icapuí;23;230535;23007;7ª REGIAO ARACATI;2021-06-03;22;19934;2326;74;27;1;;;0
Nordeste;CE;Icapuí;23;230535;23007;7ª REGIAO ARACATI;2021-06-04;22;19934;2326;0;27;0;;;0
Nordeste;CE;Icapuí;23;230535;23007;7ª REGIAO ARACATI;2021-06-05;22;19934;2329;3;27;0;;;0
Nordeste;CE;Icapuí;23;230535;23007;7ª REGIAO ARACATI;2021-06-06;23;19934;2328;-1;27;0;;;0
Nordeste;CE;Icapuí;23;230535;23007;7ª REGIAO ARACATI;2021-06-07;23;19934;2349;21;27;0;;;0
Nordeste;CE;Icapuí;23;230535;23007;7ª REGIAO ARACATI;2021-06-08;23;19934;2380;31;27;0;;;0
Nordeste;CE;Icapuí;23;230535;23007;7ª REGIAO ARACATI;2021-06-09;23;19934;2383;3;27;0;;;0
Nordeste;CE;Icapuí;23;230535;23007;7ª REGIAO ARACATI;2021-06-10;23;19934;2408;25;27;0;;;0
Nordeste;CE;Icapuí;23;230535;23007;7ª REGIAO ARACATI;2021-06-11;23;19934;2408;0;27;0;;;0
Nordeste;CE;Icapuí;23;230535;23007;7ª REGIAO ARACATI;2021-06-12;23;19934;2439;31;27;0;;;0
Nordeste;CE;Icapuí;23;230535;23007;7ª REGIAO ARACATI;2021-06-13;24;19934;2498;59;27;0;;;0
Nordeste;CE;Icapuí;23;230535;23007;7ª REGIAO ARACATI;2021-06-14;24;19934;2502;4;28;1;;;0
Nordeste;CE;Icapuí;23;230535;23007;7ª REGIAO ARACATI;2021-06-15;24;19934;2530;28;29;1;;;0
Nordeste;CE;Icapuí;23;230535;23007;7ª REGIAO ARACATI;2021-06-16;24;19934;2538;8;30;1;;;0
Nordeste;CE;Icapuí;23;230535;23007;7ª REGIAO ARACATI;2021-06-17;24;19934;2562;24;30;0;;;0
Nordeste;CE;Icapuí;23;230535;23007;7ª REGIAO ARACATI;2021-06-18;24;19934;2585;23;30;0;;;0
Nordeste;CE;Icapuí;23;230535;23007;7ª REGIAO ARACATI;2021-06-19;24;19934;2594;9;30;0;;;0
Nordeste;CE;Icapuí;23;230535;23007;7ª REGIAO ARACATI;2021-06-20;25;19934;2596;2;30;0;;;0
Nordeste;CE;Icapuí;23;230535;23007;7ª REGIAO ARACATI;2021-06-21;25;19934;2608;12;30;0;;;0
Nordeste;CE;Icapuí;23;230535;23007;7ª REGIAO ARACATI;2021-06-22;25;19934;2618;10;30;0;;;0
Nordeste;CE;Icapuí;23;230535;23007;7ª REGIAO ARACATI;2021-06-23;25;19934;2621;3;30;0;;;0
Nordeste;CE;Icapuí;23;230535;23007;7ª REGIAO ARACATI;2021-06-24;25;19934;2622;1;30;0;;;0
Nordeste;CE;Icapuí;23;230535;23007;7ª REGIAO ARACATI;2021-06-25;25;19934;2647;25;30;0;;;0
Nordeste;CE;Icapuí;23;230535;23007;7ª REGIAO ARACATI;2021-06-26;25;19934;2657;10;30;0;;;0
Nordeste;CE;Icapuí;23;230535;23007;7ª REGIAO ARACATI;2021-06-27;26;19934;2661;4;30;0;;;0
Nordeste;CE;Icapuí;23;230535;23007;7ª REGIAO ARACATI;2021-06-28;26;19934;2670;9;31;1;;;0
Nordeste;CE;Icapuí;23;230535;23007;7ª REGIAO ARACATI;2021-06-29;26;19934;2675;5;31;0;;;0
Nordeste;CE;Icapuí;23;230535;23007;7ª REGIAO ARACATI;2021-06-30;26;19934;2680;5;31;0;;;0
Nordeste;CE;Icapuí;23;230535;23007;7ª REGIAO ARACATI;2021-07-01;26;19934;2686;6;32;1;;;0
Nordeste;CE;Icapuí;23;230535;23007;7ª REGIAO ARACATI;2021-07-02;26;19934;2693;7;32;0;;;0
Nordeste;CE;Icapuí;23;230535;23007;7ª REGIAO ARACATI;2021-07-03;26;19934;2693;0;32;0;;;0
Nordeste;CE;Icapuí;23;230535;23007;7ª REGIAO ARACATI;2021-07-04;27;19934;2701;8;32;0;;;0
Nordeste;CE;Icapuí;23;230535;23007;7ª REGIAO ARACATI;2021-07-05;27;19934;2701;0;32;0;;;0
Nordeste;CE;Icapuí;23;230535;23007;7ª REGIAO ARACATI;2021-07-06;27;19934;2702;1;32;0;;;0
Nordeste;CE;Icapuí;23;230535;23007;7ª REGIAO ARACATI;2021-07-07;27;19934;2702;0;32;0;;;0
Nordeste;CE;Icapuí;23;230535;23007;7ª REGIAO ARACATI;2021-07-08;27;19934;2707;5;32;0;;;0
Nordeste;CE;Icapuí;23;230535;23007;7ª REGIAO ARACATI;2021-07-09;27;19934;2708;1;32;0;;;0
Nordeste;CE;Icapuí;23;230535;23007;7ª REGIAO ARACATI;2021-07-10;27;19934;2721;13;32;0;;;0
Nordeste;CE;Icapuí;23;230535;23007;7ª REGIAO ARACATI;2021-07-11;28;19934;2721;0;32;0;;;0
Nordeste;CE;Icapuí;23;230535;23007;7ª REGIAO ARACATI;2021-07-12;28;19934;2746;25;32;0;;;0
Nordeste;CE;Icapuí;23;230535;23007;7ª REGIAO ARACATI;2021-07-13;28;19934;2749;3;32;0;;;0
Nordeste;CE;Icapuí;23;230535;23007;7ª REGIAO ARACATI;2021-07-14;28;19934;2751;2;32;0;;;0
Nordeste;CE;Icapuí;23;230535;23007;7ª REGIAO ARACATI;2021-07-15;28;19934;2775;24;32;0;;;0
Nordeste;CE;Icapuí;23;230535;23007;7ª REGIAO ARACATI;2021-07-16;28;19934;2782;7;32;0;;;0
Nordeste;CE;Icapuí;23;230535;23007;7ª REGIAO ARACATI;2021-07-17;28;19934;2783;1;32;0;;;0
Nordeste;CE;Icapuí;23;230535;23007;7ª REGIAO ARACATI;2021-07-18;29;19934;2783;0;32;0;;;0
Nordeste;CE;Icapuí;23;230535;23007;7ª REGIAO ARACATI;2021-07-19;29;19934;2783;0;32;0;;;0
Nordeste;CE;Icapuí;23;230535;23007;7ª REGIAO ARACATI;2021-07-20;29;19934;2783;0;32;0;;;0
Nordeste;CE;Icapuí;23;230535;23007;7ª REGIAO ARACATI;2021-07-21;29;19934;2783;0;32;0;;;0
Nordeste;CE;Icapuí;23;230535;23007;7ª REGIAO ARACATI;2021-07-22;29;19934;2785;2;32;0;;;0
Nordeste;CE;Icapuí;23;230535;23007;7ª REGIAO ARACATI;2021-07-23;29;19934;2795;10;32;0;;;0
Nordeste;CE;Icapuí;23;230535;23007;7ª REGIAO ARACATI;2021-07-24;29;19934;2795;0;32;0;;;0
Nordeste;CE;Icapuí;23;230535;23007;7ª REGIAO ARACATI;2021-07-25;30;19934;2795;0;32;0;;;0
Nordeste;CE;Icapuí;23;230535;23007;7ª REGIAO ARACATI;2021-07-26;30;19934;2797;2;32;0;;;0
Nordeste;CE;Icapuí;23;230535;23007;7ª REGIAO ARACATI;2021-07-27;30;19934;2794;-3;32;0;;;0
Nordeste;CE;Icapuí;23;230535;23007;7ª REGIAO ARACATI;2021-07-28;30;19934;2794;0;32;0;;;0
Nordeste;CE;Icapuí;23;230535;23007;7ª REGIAO ARACATI;2021-07-29;30;19934;2794;0;32;0;;;0
Nordeste;CE;Icapuí;23;230535;23007;7ª REGIAO ARACATI;2021-07-30;30;19934;2795;1;32;0;;;0
Nordeste;CE;Icapuí;23;230535;23007;7ª REGIAO ARACATI;2021-07-31;30;19934;2800;5;32;0;;;0
Nordeste;CE;Icapuí;23;230535;23007;7ª REGIAO ARACATI;2021-08-01;31;19934;2802;2;32;0;;;0
Nordeste;CE;Icapuí;23;230535;23007;7ª REGIAO ARACATI;2021-08-02;31;19934;2802;0;32;0;;;0
Nordeste;CE;Icapuí;23;230535;23007;7ª REGIAO ARACATI;2021-08-03;31;19934;2804;2;32;0;;;0
Nordeste;CE;Icapuí;23;230535;23007;7ª REGIAO ARACATI;2021-08-04;31;19934;2804;0;32;0;;;0
Nordeste;CE;Icapuí;23;230535;23007;7ª REGIAO ARACATI;2021-08-05;31;19934;2804;0;32;0;;;0
Nordeste;CE;Icapuí;23;230535;23007;7ª REGIAO ARACATI;2021-08-06;31;19934;2806;2;32;0;;;0
Nordeste;CE;Icapuí;23;230535;23007;7ª REGIAO ARACATI;2021-08-07;31;19934;2807;1;32;0;;;0
Nordeste;CE;Icapuí;23;230535;23007;7ª REGIAO ARACATI;2021-08-08;32;19934;2807;0;32;0;;;0
Nordeste;CE;Icapuí;23;230535;23007;7ª REGIAO ARACATI;2021-08-09;32;19934;2807;0;32;0;;;0
Nordeste;CE;Icapuí;23;230535;23007;7ª REGIAO ARACATI;2021-08-10;32;19934;2809;2;32;0;;;0
Nordeste;CE;Icapuí;23;230535;23007;7ª REGIAO ARACATI;2021-08-11;32;19934;2809;0;32;0;;;0
Nordeste;CE;Icapuí;23;230535;23007;7ª REGIAO ARACATI;2021-08-12;32;19934;2812;3;32;0;;;0
Nordeste;CE;Icapuí;23;230535;23007;7ª REGIAO ARACATI;2021-08-13;32;19934;2813;1;32;0;;;0
Nordeste;CE;Icapuí;23;230535;23007;7ª REGIAO ARACATI;2021-08-14;32;19934;2813;0;32;0;;;0
Nordeste;CE;Icapuí;23;230535;23007;7ª REGIAO ARACATI;2021-08-15;33;19934;2814;1;32;0;;;0
Nordeste;CE;Icapuí;23;230535;23007;7ª REGIAO ARACATI;2021-08-16;33;19934;2815;1;32;0;;;0
Nordeste;CE;Icapuí;23;230535;23007;7ª REGIAO ARACATI;2021-08-17;33;19934;2819;4;32;0;;;0
Nordeste;CE;Icapuí;23;230535;23007;7ª REGIAO ARACATI;2021-08-18;33;19934;2821;2;32;0;;;0
Nordeste;CE;Icapuí;23;230535;23007;7ª REGIAO ARACATI;2021-08-19;33;19934;2821;0;32;0;;;0
Nordeste;CE;Icapuí;23;230535;23007;7ª REGIAO ARACATI;2021-08-20;33;19934;2821;0;32;0;;;0
Nordeste;CE;Icapuí;23;230535;23007;7ª REGIAO ARACATI;2021-08-21;33;19934;2822;1;33;1;;;0
Nordeste;CE;Icapuí;23;230535;23007;7ª REGIAO ARACATI;2021-08-22;34;19934;2822;0;33;0;;;0
Nordeste;CE;Icapuí;23;230535;23007;7ª REGIAO ARACATI;2021-08-23;34;19934;2823;1;33;0;;;0
Nordeste;CE;Icapuí;23;230535;23007;7ª REGIAO ARACATI;2021-08-24;34;19934;2822;-1;33;0;;;0
Nordeste;CE;Icapuí;23;230535;23007;7ª REGIAO ARACATI;2021-08-25;34;19934;2822;0;33;0;;;0
Nordeste;CE;Icapuí;23;230535;23007;7ª REGIAO ARACATI;2021-08-26;34;19934;2823;1;33;0;;;0
Nordeste;CE;Icapuí;23;230535;23007;7ª REGIAO ARACATI;2021-08-27;34;19934;2823;0;33;0;;;0
Nordeste;CE;Icapuí;23;230535;23007;7ª REGIAO ARACATI;2021-08-28;34;19934;2829;6;33;0;;;0
Nordeste;CE;Icapuí;23;230535;23007;7ª REGIAO ARACATI;2021-08-29;35;19934;2829;0;33;0;;;0
Nordeste;CE;Icapuí;23;230535;23007;7ª REGIAO ARACATI;2021-08-30;35;19934;2829;0;33;0;;;0
Nordeste;CE;Icapuí;23;230535;23007;7ª REGIAO ARACATI;2021-08-31;35;19934;2829;0;33;0;;;0
Nordeste;CE;Icapuí;23;230535;23007;7ª REGIAO ARACATI;2021-09-01;35;19934;2832;3;33;0;;;0
Nordeste;CE;Icapuí;23;230535;23007;7ª REGIAO ARACATI;2021-09-02;35;19934;2832;0;33;0;;;0
Nordeste;CE;Icapuí;23;230535;23007;7ª REGIAO ARACATI;2021-09-03;35;19934;2834;2;33;0;;;0
Nordeste;CE;Icapuí;23;230535;23007;7ª REGIAO ARACATI;2021-09-04;35;19934;2836;2;33;0;;;0
Nordeste;CE;Icapuí;23;230535;23007;7ª REGIAO ARACATI;2021-09-05;36;19934;2840;4;33;0;;;0
Nordeste;CE;Icapuí;23;230535;23007;7ª REGIAO ARACATI;2021-09-06;36;19934;2840;0;33;0;;;0
Nordeste;CE;Icapuí;23;230535;23007;7ª REGIAO ARACATI;2021-09-07;36;19934;2840;0;33;0;;;0
Nordeste;CE;Icapuí;23;230535;23007;7ª REGIAO ARACATI;2021-09-08;36;19934;2840;0;33;0;;;0
Nordeste;CE;Icapuí;23;230535;23007;7ª REGIAO ARACATI;2021-09-09;36;19934;2840;0;33;0;;;0
Nordeste;CE;Icapuí;23;230535;23007;7ª REGIAO ARACATI;2021-09-10;36;19934;2840;0;33;0;;;0
Nordeste;CE;Icapuí;23;230535;23007;7ª REGIAO ARACATI;2021-09-11;36;19934;2839;-1;33;0;;;0
Nordeste;CE;Icapuí;23;230535;23007;7ª REGIAO ARACATI;2021-09-12;37;19934;2840;1;33;0;;;0
Nordeste;CE;Icapuí;23;230535;23007;7ª REGIAO ARACATI;2021-09-13;37;19934;2840;0;33;0;;;0
Nordeste;CE;Icapuí;23;230535;23007;7ª REGIAO ARACATI;2021-09-14;37;19934;2840;0;33;0;;;0
Nordeste;CE;Icapuí;23;230535;23007;7ª REGIAO ARACATI;2021-09-15;37;19934;2840;0;33;0;;;0
Nordeste;CE;Icapuí;23;230535;23007;7ª REGIAO ARACATI;2021-09-16;37;19934;2840;0;33;0;;;0
Nordeste;CE;Icapuí;23;230535;23007;7ª REGIAO ARACATI;2021-09-17;37;19934;2839;-1;33;0;;;0
Nordeste;CE;Icapuí;23;230535;23007;7ª REGIAO ARACATI;2021-09-18;37;19934;2840;1;33;0;;;0
Nordeste;CE;Icapuí;23;230535;23007;7ª REGIAO ARACATI;2021-09-19;38;19934;2840;0;33;0;;;0
Nordeste;CE;Icapuí;23;230535;23007;7ª REGIAO ARACATI;2021-09-20;38;19934;2840;0;33;0;;;0
Nordeste;CE;Icapuí;23;230535;23007;7ª REGIAO ARACATI;2021-09-21;38;19934;2770;-70;33;0;;;0
Nordeste;CE;Icapuí;23;230535;23007;7ª REGIAO ARACATI;2021-09-22;38;19934;2770;0;33;0;;;0
Nordeste;CE;Icapuí;23;230535;23007;7ª REGIAO ARACATI;2021-09-23;38;19934;2770;0;33;0;;;0
Nordeste;CE;Icapuí;23;230535;23007;7ª REGIAO ARACATI;2021-09-24;38;19934;2769;-1;33;0;;;0
Nordeste;CE;Icapuí;23;230535;23007;7ª REGIAO ARACATI;2021-09-25;38;19934;2769;0;33;0;;;0
Nordeste;CE;Icapuí;23;230535;23007;7ª REGIAO ARACATI;2021-09-26;39;19934;2769;0;33;0;;;0
Nordeste;CE;Icapuí;23;230535;23007;7ª REGIAO ARACATI;2021-09-27;39;19934;2777;8;33;0;;;0
Nordeste;CE;Icapuí;23;230535;23007;7ª REGIAO ARACATI;2021-09-28;39;19934;2777;0;33;0;;;0
Nordeste;CE;Icapuí;23;230535;23007;7ª REGIAO ARACATI;2021-09-29;39;19934;2776;-1;33;0;;;0
Nordeste;CE;Icapuí;23;230535;23007;7ª REGIAO ARACATI;2021-09-30;39;19934;2835;59;33;0;;;0
Nordeste;CE;Icapuí;23;230535;23007;7ª REGIAO ARACATI;2021-10-01;39;19934;2835;0;33;0;;;0
Nordeste;CE;Icapuí;23;230535;23007;7ª REGIAO ARACATI;2021-10-02;39;19934;2835;0;33;0;;;0
Nordeste;CE;Icapuí;23;230535;23007;7ª REGIAO ARACATI;2021-10-03;40;19934;2835;0;33;0;;;0
Nordeste;CE;Icapuí;23;230535;23007;7ª REGIAO ARACATI;2021-10-04;40;19934;2835;0;33;0;;;0
Nordeste;CE;Icapuí;23;230535;23007;7ª REGIAO ARACATI;2021-10-05;40;19934;2835;0;33;0;;;0
Nordeste;CE;Icapuí;23;230535;23007;7ª REGIAO ARACATI;2021-10-06;40;19934;2835;0;33;0;;;0
Nordeste;CE;Icapuí;23;230535;23007;7ª REGIAO ARACATI;2021-10-07;40;19934;2835;0;33;0;;;0
Nordeste;CE;Icapuí;23;230535;23007;7ª REGIAO ARACATI;2021-10-08;40;19934;2835;0;33;0;;;0
Nordeste;CE;Icapuí;23;230535;23007;7ª REGIAO ARACATI;2021-10-09;40;19934;2835;0;33;0;;;0
Nordeste;CE;Icapuí;23;230535;23007;7ª REGIAO ARACATI;2021-10-10;41;19934;2835;0;33;0;;;0
Nordeste;CE;Icapuí;23;230535;23007;7ª REGIAO ARACATI;2021-10-11;41;19934;2835;0;33;0;;;0
Nordeste;CE;Icapuí;23;230535;23007;7ª REGIAO ARACATI;2021-10-12;41;19934;2835;0;33;0;;;0
Nordeste;CE;Icapuí;23;230535;23007;7ª REGIAO ARACATI;2021-10-13;41;19934;2835;0;33;0;;;0
Nordeste;CE;Icapuí;23;230535;23007;7ª REGIAO ARACATI;2021-10-14;41;19934;2835;0;33;0;;;0
Nordeste;CE;Icapuí;23;230535;23007;7ª REGIAO ARACATI;2021-10-15;41;19934;2835;0;33;0;;;0
Nordeste;CE;Icapuí;23;230535;23007;7ª REGIAO ARACATI;2021-10-16;41;19934;2835;0;33;0;;;0
Nordeste;CE;Icapuí;23;230535;23007;7ª REGIAO ARACATI;2021-10-17;42;19934;2835;0;33;0;;;0
Nordeste;CE;Icapuí;23;230535;23007;7ª REGIAO ARACATI;2021-10-18;42;19934;2835;0;33;0;;;0
Nordeste;CE;Icapuí;23;230535;23007;7ª REGIAO ARACATI;2021-10-19;42;19934;2835;0;33;0;;;0
Nordeste;CE;Icapuí;23;230535;23007;7ª REGIAO ARACATI;2021-10-20;42;19934;2835;0;33;0;;;0
Nordeste;CE;Icapuí;23;230535;23007;7ª REGIAO ARACATI;2021-10-21;42;19934;2835;0;33;0;;;0
Nordeste;CE;Icapuí;23;230535;23007;7ª REGIAO ARACATI;2021-10-22;42;19934;2835;0;33;0;;;0
Nordeste;CE;Icapuí;23;230535;23007;7ª REGIAO ARACATI;2021-10-23;42;19934;2835;0;33;0;;;0
Nordeste;CE;Icapuí;23;230535;23007;7ª REGIAO ARACATI;2021-10-24;43;19934;2837;2;33;0;;;0
Nordeste;CE;Icapuí;23;230535;23007;7ª REGIAO ARACATI;2021-10-25;43;19934;2837;0;33;0;;;0
Nordeste;CE;Icapuí;23;230535;23007;7ª REGIAO ARACATI;2021-10-26;43;19934;2837;0;33;0;;;0
Nordeste;CE;Icapuí;23;230535;23007;7ª REGIAO ARACATI;2021-10-27;43;19934;2837;0;33;0;;;0
Nordeste;CE;Icapuí;23;230535;23007;7ª REGIAO ARACATI;2021-10-28;43;19934;2838;1;33;0;;;0
Nordeste;CE;Icapuí;23;230535;23007;7ª REGIAO ARACATI;2021-10-29;43;19934;2838;0;33;0;;;0
Nordeste;CE;Icapuí;23;230535;23007;7ª REGIAO ARACATI;2021-10-30;43;19934;2838;0;33;0;;;0
Nordeste;CE;Icapuí;23;230535;23007;7ª REGIAO ARACATI;2021-10-31;44;19934;2840;2;33;0;;;0
Nordeste;CE;Icapuí;23;230535;23007;7ª REGIAO ARACATI;2021-11-01;44;19934;2840;0;33;0;;;0
Nordeste;CE;Icapuí;23;230535;23007;7ª REGIAO ARACATI;2021-11-02;44;19934;2840;0;33;0;;;0
Nordeste;CE;Icapuí;23;230535;23007;7ª REGIAO ARACATI;2021-11-03;44;19934;2840;0;33;0;;;0
Nordeste;CE;Icapuí;23;230535;23007;7ª REGIAO ARACATI;2021-11-04;44;19934;2840;0;33;0;;;0
Nordeste;CE;Icapuí;23;230535;23007;7ª REGIAO ARACATI;2021-11-05;44;19934;2840;0;33;0;;;0
Nordeste;CE;Icapuí;23;230535;23007;7ª REGIAO ARACATI;2021-11-06;44;19934;2840;0;33;0;;;0
Nordeste;CE;Icapuí;23;230535;23007;7ª REGIAO ARACATI;2021-11-07;45;19934;2840;0;33;0;;;0
Nordeste;CE;Icapuí;23;230535;23007;7ª REGIAO ARACATI;2021-11-08;45;19934;2840;0;33;0;;;0
Nordeste;CE;Icapuí;23;230535;23007;7ª REGIAO ARACATI;2021-11-09;45;19934;2840;0;33;0;;;0
Nordeste;CE;Icapuí;23;230535;23007;7ª REGIAO ARACATI;2021-11-10;45;19934;2837;-3;33;0;;;0
Nordeste;CE;Icapuí;23;230535;23007;7ª REGIAO ARACATI;2021-11-11;45;19934;2837;0;33;0;;;0
Nordeste;CE;Icapuí;23;230535;23007;7ª REGIAO ARACATI;2021-11-12;45;19934;2837;0;33;0;;;0
Nordeste;CE;Icapuí;23;230535;23007;7ª REGIAO ARACATI;2021-11-13;45;19934;2837;0;33;0;;;0
Nordeste;CE;Icapuí;23;230535;23007;7ª REGIAO ARACATI;2021-11-14;46;19934;2837;0;33;0;;;0
Nordeste;CE;Icapuí;23;230535;23007;7ª REGIAO ARACATI;2021-11-15;46;19934;2837;0;33;0;;;0
Nordeste;CE;Icapuí;23;230535;23007;7ª REGIAO ARACATI;2021-11-16;46;19934;2837;0;33;0;;;0
Nordeste;CE;Icapuí;23;230535;23007;7ª REGIAO ARACATI;2021-11-17;46;19934;2837;0;33;0;;;0
Nordeste;CE;Icapuí;23;230535;23007;7ª REGIAO ARACATI;2021-11-18;46;19934;2838;1;33;0;;;0
Nordeste;CE;Icapuí;23;230535;23007;7ª REGIAO ARACATI;2021-11-19;46;19934;2840;2;33;0;;;0
Nordeste;CE;Icapuí;23;230535;23007;7ª REGIAO ARACATI;2021-11-20;46;19934;2838;-2;33;0;;;0
Nordeste;CE;Icapuí;23;230535;23007;7ª REGIAO ARACATI;2021-11-21;47;19934;2838;0;33;0;;;0
Nordeste;CE;Icapuí;23;230535;23007;7ª REGIAO ARACATI;2021-11-22;47;19934;2838;0;33;0;;;0
Nordeste;CE;Icapuí;23;230535;23007;7ª REGIAO ARACATI;2021-11-23;47;19934;2840;2;33;0;;;0
Nordeste;CE;Icapuí;23;230535;23007;7ª REGIAO ARACATI;2021-11-24;47;19934;2840;0;33;0;;;0
Nordeste;CE;Icapuí;23;230535;23007;7ª REGIAO ARACATI;2021-11-25;47;19934;2840;0;33;0;;;0
Nordeste;CE;Icapuí;23;230535;23007;7ª REGIAO ARACATI;2021-11-26;47;19934;2840;0;33;0;;;0
Nordeste;CE;Icapuí;23;230535;23007;7ª REGIAO ARACATI;2021-11-27;47;19934;2840;0;33;0;;;0
Nordeste;CE;Icapuí;23;230535;23007;7ª REGIAO ARACATI;2021-11-28;48;19934;2840;0;33;0;;;0
Nordeste;CE;Icapuí;23;230535;23007;7ª REGIAO ARACATI;2021-11-29;48;19934;2840;0;33;0;;;0
Nordeste;CE;Icapuí;23;230535;23007;7ª REGIAO ARACATI;2021-11-30;48;19934;2840;0;33;0;;;0
Nordeste;CE;Icapuí;23;230535;23007;7ª REGIAO ARACATI;2021-12-01;48;19934;2844;4;33;0;;;0
Nordeste;CE;Icapuí;23;230535;23007;7ª REGIAO ARACATI;2021-12-02;48;19934;2845;1;33;0;;;0
Nordeste;CE;Icapuí;23;230535;23007;7ª REGIAO ARACATI;2021-12-03;48;19934;2845;0;33;0;;;0
Nordeste;CE;Icapuí;23;230535;23007;7ª REGIAO ARACATI;2021-12-04;48;19934;2845;0;33;0;;;0
Nordeste;CE;Icapuí;23;230535;23007;7ª REGIAO ARACATI;2021-12-05;49;19934;2845;0;33;0;;;0
Nordeste;CE;Icapuí;23;230535;23007;7ª REGIAO ARACATI;2021-12-06;49;19934;2846;1;33;0;;;0
Nordeste;CE;Icapuí;23;230535;23007;7ª REGIAO ARACATI;2021-12-07;49;19934;2846;0;33;0;;;0
Nordeste;CE;Icapuí;23;230535;23007;7ª REGIAO ARACATI;2021-12-08;49;19934;2845;-1;33;0;;;0
Nordeste;CE;Icapuí;23;230535;23007;7ª REGIAO ARACATI;2021-12-09;49;19934;2845;0;33;0;;;0
Nordeste;CE;Icapuí;23;230535;23007;7ª REGIAO ARACATI;2021-12-10;49;19934;2851;6;33;0;;;0
Nordeste;CE;Icapuí;23;230535;23007;7ª REGIAO ARACATI;2021-12-11;49;19934;2851;0;33;0;;;0
Nordeste;CE;Icapuí;23;230535;23007;7ª REGIAO ARACATI;2021-12-12;50;19934;2854;3;33;0;;;0
Nordeste;CE;Icapuí;23;230535;23007;7ª REGIAO ARACATI;2021-12-13;50;19934;2855;1;33;0;;;0
Nordeste;CE;Icapuí;23;230535;23007;7ª REGIAO ARACATI;2021-12-14;50;19934;2855;0;33;0;;;0
Nordeste;CE;Icapuí;23;230535;23007;7ª REGIAO ARACATI;2021-12-15;50;19934;2855;0;33;0;;;0
Nordeste;CE;Icapuí;23;230535;23007;7ª REGIAO ARACATI;2021-12-16;50;19934;2856;1;33;0;;;0
Nordeste;CE;Icapuí;23;230535;23007;7ª REGIAO ARACATI;2021-12-17;50;19934;2856;0;33;0;;;0
Nordeste;CE;Icapuí;23;230535;23007;7ª REGIAO ARACATI;2021-12-18;50;19934;2856;0;33;0;;;0
Nordeste;CE;Icapuí;23;230535;23007;7ª REGIAO ARACATI;2021-12-19;51;19934;2856;0;33;0;;;0
Nordeste;CE;Icapuí;23;230535;23007;7ª REGIAO ARACATI;2021-12-20;51;19934;2857;1;33;0;;;0
Nordeste;CE;Icapuí;23;230535;23007;7ª REGIAO ARACATI;2021-12-21;51;19934;2857;0;33;0;;;0
Nordeste;CE;Icapuí;23;230535;23007;7ª REGIAO ARACATI;2021-12-22;51;19934;2857;0;33;0;;;0
Nordeste;CE;Icapuí;23;230535;23007;7ª REGIAO ARACATI;2021-12-23;51;19934;2857;0;33;0;;;0
Nordeste;CE;Icapuí;23;230535;23007;7ª REGIAO ARACATI;2021-12-24;51;19934;2857;0;33;0;;;0
Nordeste;CE;Icapuí;23;230535;23007;7ª REGIAO ARACATI;2021-12-25;51;19934;2859;2;33;0;;;0
Nordeste;CE;Icapuí;23;230535;23007;7ª REGIAO ARACATI;2021-12-26;52;19934;2859;0;33;0;;;0
Nordeste;CE;Icapuí;23;230535;23007;7ª REGIAO ARACATI;2021-12-27;52;19934;2859;0;33;0;;;0
Nordeste;CE;Icapuí;23;230535;23007;7ª REGIAO ARACATI;2021-12-28;52;19934;2859;0;33;0;;;0
Nordeste;CE;Icapuí;23;230535;23007;7ª REGIAO ARACATI;2021-12-29;52;19934;2859;0;33;0;;;0
Nordeste;CE;Icapuí;23;230535;23007;7ª REGIAO ARACATI;2021-12-30;52;19934;2859;0;33;0;;;0
Nordeste;CE;Icapuí;23;230535;23007;7ª REGIAO ARACATI;2021-12-31;52;19934;2859;0;33;0;;;0
Nordeste;CE;Icapuí;23;230535;23007;7ª REGIAO ARACATI;2022-01-01;52;19934;2859;0;33;0;;;0
Nordeste;CE;Icapuí;23;230535;23007;7ª REGIAO ARACATI;2022-01-02;1;19934;2860;1;33;0;;;0
Nordeste;CE;Icapuí;23;230535;23007;7ª REGIAO ARACATI;2022-01-03;1;19934;2860;0;33;0;;;0
Nordeste;CE;Icapuí;23;230535;23007;7ª REGIAO ARACATI;2022-01-04;1;19934;2860;0;33;0;;;0
Nordeste;CE;Icapuí;23;230535;23007;7ª REGIAO ARACATI;2022-01-05;1;19934;2864;4;33;0;;;0
Nordeste;CE;Icapuí;23;230535;23007;7ª REGIAO ARACATI;2022-01-06;1;19934;2866;2;33;0;;;0
Nordeste;CE;Icapuí;23;230535;23007;7ª REGIAO ARACATI;2022-01-07;1;19934;2873;7;33;0;;;0
Nordeste;CE;Icapuí;23;230535;23007;7ª REGIAO ARACATI;2022-01-08;1;19934;2873;0;33;0;;;0
Nordeste;CE;Icapuí;23;230535;23007;7ª REGIAO ARACATI;2022-01-09;2;19934;2874;1;33;0;;;0
Nordeste;CE;Icapuí;23;230535;23007;7ª REGIAO ARACATI;2022-01-10;2;19934;2874;0;33;0;;;0
Nordeste;CE;Icapuí;23;230535;23007;7ª REGIAO ARACATI;2022-01-11;2;19934;2874;0;33;0;;;0
Nordeste;CE;Icapuí;23;230535;23007;7ª REGIAO ARACATI;2022-01-12;2;19934;2875;1;33;0;;;0
Nordeste;CE;Icapuí;23;230535;23007;7ª REGIAO ARACATI;2022-01-13;2;19934;2875;0;33;0;;;0
Nordeste;CE;Icapuí;23;230535;23007;7ª REGIAO ARACATI;2022-01-14;2;19934;2886;11;33;0;;;0
Nordeste;CE;Icapuí;23;230535;23007;7ª REGIAO ARACATI;2022-01-15;2;19934;2887;1;33;0;;;0
Nordeste;CE;Icapuí;23;230535;23007;7ª REGIAO ARACATI;2022-01-16;3;19934;2889;2;33;0;;;0
Nordeste;CE;Icapuí;23;230535;23007;7ª REGIAO ARACATI;2022-01-17;3;19934;2889;0;33;0;;;0
Nordeste;CE;Icapuí;23;230535;23007;7ª REGIAO ARACATI;2022-01-18;3;19934;2911;22;33;0;;;0
Nordeste;CE;Icapuí;23;230535;23007;7ª REGIAO ARACATI;2022-01-19;3;19934;2912;1;33;0;;;0
Nordeste;CE;Icapuí;23;230535;23007;7ª REGIAO ARACATI;2022-01-20;3;19934;2929;17;33;0;;;0
Nordeste;CE;Icapuí;23;230535;23007;7ª REGIAO ARACATI;2022-01-21;3;19934;2929;0;33;0;;;0
Nordeste;CE;Icapuí;23;230535;23007;7ª REGIAO ARACATI;2022-01-22;3;19934;2931;2;33;0;;;0
Nordeste;CE;Icapuí;23;230535;23007;7ª REGIAO ARACATI;2022-01-23;4;19934;3029;98;33;0;;;0
Nordeste;CE;Icapuí;23;230535;23007;7ª REGIAO ARACATI;2022-01-24;4;19934;3056;27;33;0;;;0
Nordeste;CE;Icapuí;23;230535;23007;7ª REGIAO ARACATI;2022-01-25;4;19934;3110;54;33;0;;;0
Nordeste;CE;Icapuí;23;230535;23007;7ª REGIAO ARACATI;2022-01-26;4;19934;3110;0;33;0;;;0
Nordeste;CE;Icapuí;23;230535;23007;7ª REGIAO ARACATI;2022-01-27;4;19934;3112;2;34;1;;;0
Nordeste;CE;Icapuí;23;230535;23007;7ª REGIAO ARACATI;2022-01-28;4;19934;3187;75;34;0;;;0
Nordeste;CE;Icapuí;23;230535;23007;7ª REGIAO ARACATI;2022-01-29;4;19934;3187;0;34;0;;;0
Nordeste;CE;Icapuí;23;230535;23007;7ª REGIAO ARACATI;2022-01-30;5;19934;3216;29;34;0;;;0
Nordeste;CE;Icapuí;23;230535;23007;7ª REGIAO ARACATI;2022-01-31;5;19934;3216;0;34;0;;;0
Nordeste;CE;Icapuí;23;230535;23007;7ª REGIAO ARACATI;2022-02-01;5;19934;3228;12;34;0;;;0
Nordeste;CE;Icapuí;23;230535;23007;7ª REGIAO ARACATI;2022-02-02;5;19934;3228;0;34;0;;;0
Nordeste;CE;Icapuí;23;230535;23007;7ª REGIAO ARACATI;2022-02-03;5;19934;3348;120;34;0;;;0
Nordeste;CE;Icapuí;23;230535;23007;7ª REGIAO ARACATI;2022-02-04;5;19934;3555;207;34;0;;;0
Nordeste;CE;Icapuí;23;230535;23007;7ª REGIAO ARACATI;2022-02-05;5;19934;3580;25;34;0;;;0
Nordeste;CE;Icapuí;23;230535;23007;7ª REGIAO ARACATI;2022-02-06;6;19934;3583;3;34;0;;;0
Nordeste;CE;Icapuí;23;230535;23007;7ª REGIAO ARACATI;2022-02-07;6;19934;3583;0;34;0;;;0
Nordeste;CE;Icapuí;23;230535;23007;7ª REGIAO ARACATI;2022-02-08;6;19934;3593;10;34;0;;;0
Nordeste;CE;Icapuí;23;230535;23007;7ª REGIAO ARACATI;2022-02-09;6;19934;3612;19;34;0;;;0
Nordeste;CE;Icapuí;23;230535;23007;7ª REGIAO ARACATI;2022-02-10;6;19934;3643;31;34;0;;;0
Nordeste;CE;Icapuí;23;230535;23007;7ª REGIAO ARACATI;2022-02-11;6;19934;3676;33;34;0;;;0
Nordeste;CE;Icapuí;23;230535;23007;7ª REGIAO ARACATI;2022-02-12;6;19934;3683;7;35;1;;;0
Nordeste;CE;Icapuí;23;230535;23007;7ª REGIAO ARACATI;2022-02-13;7;19934;3685;2;35;0;;;0
Nordeste;CE;Icapuí;23;230535;23007;7ª REGIAO ARACATI;2022-02-14;7;19934;3692;7;35;0;;;0
Nordeste;CE;Icapuí;23;230535;23007;7ª REGIAO ARACATI;2022-02-15;7;19934;3692;0;35;0;;;0
Nordeste;CE;Icapuí;23;230535;23007;7ª REGIAO ARACATI;2022-02-16;7;19934;3696;4;35;0;;;0
Nordeste;CE;Icapuí;23;230535;23007;7ª REGIAO ARACATI;2022-02-17;7;19934;3702;6;35;0;;;0
Nordeste;CE;Icapuí;23;230535;23007;7ª REGIAO ARACATI;2022-02-18;7;19934;3704;2;35;0;;;0
Nordeste;CE;Icapuí;23;230535;23007;7ª REGIAO ARACATI;2022-02-19;7;19934;3713;9;35;0;;;0
Nordeste;CE;Icapuí;23;230535;23007;7ª REGIAO ARACATI;2022-02-20;8;19934;3714;1;35;0;;;0
Nordeste;CE;Icapuí;23;230535;23007;7ª REGIAO ARACATI;2022-02-21;8;19934;3714;0;35;0;;;0
Nordeste;CE;Icapuí;23;230535;23007;7ª REGIAO ARACATI;2022-02-22;8;19934;3731;17;35;0;;;0
Nordeste;CE;Icapuí;23;230535;23007;7ª REGIAO ARACATI;2022-02-23;8;19934;3731;0;35;0;;;0
Nordeste;CE;Icapuí;23;230535;23007;7ª REGIAO ARACATI;2022-02-24;8;19934;3732;1;35;0;;;0
Nordeste;CE;Icapuí;23;230535;23007;7ª REGIAO ARACATI;2022-02-25;8;19934;3746;14;35;0;;;0
Nordeste;CE;Icapuí;23;230535;23007;7ª REGIAO ARACATI;2022-02-26;8;19934;3759;13;35;0;;;0
Nordeste;CE;Icapuí;23;230535;23007;7ª REGIAO ARACATI;2022-02-27;9;19934;3759;0;35;0;;;0
Nordeste;CE;Icapuí;23;230535;23007;7ª REGIAO ARACATI;2022-02-28;9;19934;3759;0;35;0;;;0
Nordeste;CE;Icapuí;23;230535;23007;7ª REGIAO ARACATI;2022-03-01;9;19934;3761;2;35;0;;;0
Nordeste;CE;Icapuí;23;230535;23007;7ª REGIAO ARACATI;2022-03-02;9;19934;3761;0;35;0;;;0
Nordeste;CE;Icapuí;23;230535;23007;7ª REGIAO ARACATI;2022-03-03;9;19934;3761;0;35;0;;;0
Nordeste;CE;Icapuí;23;230535;23007;7ª REGIAO ARACATI;2022-03-04;9;19934;3764;3;36;1;;;0
Nordeste;CE;Icapuí;23;230535;23007;7ª REGIAO ARACATI;2022-03-05;9;19934;3768;4;36;0;;;0
Nordeste;CE;Icapuí;23;230535;23007;7ª REGIAO ARACATI;2022-03-06;10;19934;3768;0;36;0;;;0
Nordeste;CE;Icapuí;23;230535;23007;7ª REGIAO ARACATI;2022-03-07;10;19934;3768;0;36;0;;;0
Nordeste;CE;Icapuí;23;230535;23007;7ª REGIAO ARACATI;2022-03-08;10;19934;3768;0;36;0;;;0
Nordeste;CE;Icapuí;23;230535;23007;7ª REGIAO ARACATI;2022-03-09;10;19934;3770;2;36;0;;;0
Nordeste;CE;Icapuí;23;230535;23007;7ª REGIAO ARACATI;2022-03-10;10;19934;3770;0;36;0;;;0
Nordeste;CE;Icapuí;23;230535;23007;7ª REGIAO ARACATI;2022-03-11;10;19934;3771;1;36;0;;;0
Nordeste;CE;Icapuí;23;230535;23007;7ª REGIAO ARACATI;2022-03-12;10;19934;3773;2;36;0;;;0
Nordeste;CE;Icapuí;23;230535;23007;7ª REGIAO ARACATI;2022-03-13;11;19934;3773;0;36;0;;;0
Nordeste;CE;Icapuí;23;230535;23007;7ª REGIAO ARACATI;2022-03-14;11;19934;3773;0;36;0;;;0
Nordeste;CE;Icapuí;23;230535;23007;7ª REGIAO ARACATI;2022-03-15;11;19934;3774;1;36;0;;;0
Nordeste;CE;Icapuí;23;230535;23007;7ª REGIAO ARACATI;2022-03-16;11;19934;3776;2;36;0;;;0
Nordeste;CE;Icapuí;23;230535;23007;7ª REGIAO ARACATI;2022-03-17;11;19934;3776;0;36;0;;;0
Nordeste;CE;Icapuí;23;230535;23007;7ª REGIAO ARACATI;2022-03-18;11;19934;3776;0;36;0;;;0
Nordeste;CE;Icapuí;23;230535;23007;7ª REGIAO ARACATI;2022-03-19;11;19934;3776;0;36;0;;;0
Nordeste;CE;Icapuí;23;230535;23007;7ª REGIAO ARACATI;2022-03-20;12;19934;3776;0;36;0;;;0
Nordeste;CE;Icapuí;23;230535;23007;7ª REGIAO ARACATI;2022-03-21;12;19934;3776;0;36;0;;;0
Nordeste;CE;Icapuí;23;230535;23007;7ª REGIAO ARACATI;2022-03-22;12;19934;3778;2;36;0;;;0
Nordeste;CE;Icapuí;23;230535;23007;7ª REGIAO ARACATI;2022-03-23;12;19934;3779;1;36;0;;;0
Nordeste;CE;Icapuí;23;230535;23007;7ª REGIAO ARACATI;2022-03-24;12;19934;3779;0;36;0;;;0
Nordeste;CE;Icapuí;23;230535;23007;7ª REGIAO ARACATI;2022-03-25;12;19934;3779;0;36;0;;;0
Nordeste;CE;Icapuí;23;230535;23007;7ª REGIAO ARACATI;2022-03-26;12;19934;3779;0;36;0;;;0
Nordeste;CE;Icapuí;23;230535;23007;7ª REGIAO ARACATI;2022-03-27;13;19934;3779;0;36;0;;;0
Nordeste;CE;Icapuí;23;230535;23007;7ª REGIAO ARACATI;2022-03-28;13;19934;3779;0;36;0;;;0
Nordeste;CE;Icapuí;23;230535;23007;7ª REGIAO ARACATI;2022-03-29;13;19934;3780;1;36;0;;;0
Nordeste;CE;Icapuí;23;230535;23007;7ª REGIAO ARACATI;2022-03-30;13;19934;3780;0;36;0;;;0
Nordeste;CE;Icapuí;23;230535;23007;7ª REGIAO ARACATI;2022-03-31;13;19934;3780;0;36;0;;;0
Nordeste;CE;Icapuí;23;230535;23007;7ª REGIAO ARACATI;2022-04-01;13;19934;3783;3;36;0;;;0
Nordeste;CE;Icapuí;23;230535;23007;7ª REGIAO ARACATI;2022-04-02;13;19934;3783;0;36;0;;;0
Nordeste;CE;Icapuí;23;230535;23007;7ª REGIAO ARACATI;2022-04-03;14;19934;3783;0;36;0;;;0
Nordeste;CE;Icapuí;23;230535;23007;7ª REGIAO ARACATI;2022-04-04;14;19934;3783;0;36;0;;;0
Nordeste;CE;Icapuí;23;230535;23007;7ª REGIAO ARACATI;2022-04-05;14;19934;3783;0;36;0;;;0
Nordeste;CE;Icapuí;23;230535;23007;7ª REGIAO ARACATI;2022-04-06;14;19934;3784;1;36;0;;;0
Nordeste;CE;Icapuí;23;230535;23007;7ª REGIAO ARACATI;2022-04-07;14;19934;3784;0;36;0;;;0
Nordeste;CE;Icapuí;23;230535;23007;7ª REGIAO ARACATI;2022-04-08;14;19934;3785;1;36;0;;;0
Nordeste;CE;Icapuí;23;230535;23007;7ª REGIAO ARACATI;2022-04-09;14;19934;3785;0;36;0;;;0
Nordeste;CE;Icapuí;23;230535;23007;7ª REGIAO ARACATI;2022-04-10;15;19934;3785;0;36;0;;;0
Nordeste;CE;Icapuí;23;230535;23007;7ª REGIAO ARACATI;2022-04-11;15;19934;3785;0;36;0;;;0
Nordeste;CE;Icapuí;23;230535;23007;7ª REGIAO ARACATI;2022-04-12;15;19934;3785;0;36;0;;;0
Nordeste;CE;Icapuí;23;230535;23007;7ª REGIAO ARACATI;2022-04-13;15;19934;3785;0;36;0;;;0
Nordeste;CE;Icapuí;23;230535;23007;7ª REGIAO ARACATI;2022-04-14;15;19934;3786;1;36;0;;;0
Nordeste;CE;Icapuí;23;230535;23007;7ª REGIAO ARACATI;2022-04-15;15;19934;3786;0;36;0;;;0
Nordeste;CE;Icapuí;23;230535;23007;7ª REGIAO ARACATI;2022-04-16;15;19934;3786;0;36;0;;;0
Nordeste;CE;Icapuí;23;230535;23007;7ª REGIAO ARACATI;2022-04-17;16;19934;3786;0;36;0;;;0
Nordeste;CE;Icapuí;23;230535;23007;7ª REGIAO ARACATI;2022-04-18;16;19934;3786;0;36;0;;;0
Nordeste;CE;Icapuí;23;230535;23007;7ª REGIAO ARACATI;2022-04-19;16;19934;3786;0;36;0;;;0
Nordeste;CE;Icapuí;23;230535;23007;7ª REGIAO ARACATI;2022-04-20;16;19934;3786;0;36;0;;;0
Nordeste;CE;Icapuí;23;230535;23007;7ª REGIAO ARACATI;2022-04-21;16;19934;3786;0;36;0;;;0
Nordeste;CE;Icapuí;23;230535;23007;7ª REGIAO ARACATI;2022-04-22;16;19934;3786;0;36;0;;;0
Nordeste;CE;Icapuí;23;230535;23007;7ª REGIAO ARACATI;2022-04-23;16;19934;3785;-1;36;0;;;0
Nordeste;CE;Icapuí;23;230535;23007;7ª REGIAO ARACATI;2022-04-24;17;19934;3785;0;36;0;;;0
Nordeste;CE;Icapuí;23;230535;23007;7ª REGIAO ARACATI;2022-04-25;17;19934;3785;0;36;0;;;0
Nordeste;CE;Icapuí;23;230535;23007;7ª REGIAO ARACATI;2022-04-26;17;19934;3785;0;36;0;;;0
Nordeste;CE;Icapuí;23;230535;23007;7ª REGIAO ARACATI;2022-04-27;17;19934;3785;0;36;0;;;0
Nordeste;CE;Icapuí;23;230535;23007;7ª REGIAO ARACATI;2022-04-28;17;19934;3786;1;36;0;;;0
Nordeste;CE;Icapuí;23;230535;23007;7ª REGIAO ARACATI;2022-04-29;17;19934;3786;0;36;0;;;0
Nordeste;CE;Icapuí;23;230535;23007;7ª REGIAO ARACATI;2022-04-30;17;19934;3786;0;36;0;;;0
Nordeste;CE;Icapuí;23;230535;23007;7ª REGIAO ARACATI;2022-05-01;18;19934;3786;0;36;0;;;0
Nordeste;CE;Icapuí;23;230535;23007;7ª REGIAO ARACATI;2022-05-02;18;19934;3786;0;36;0;;;0
Nordeste;CE;Icapuí;23;230535;23007;7ª REGIAO ARACATI;2022-05-03;18;19934;3786;0;36;0;;;0
Nordeste;CE;Icapuí;23;230535;23007;7ª REGIAO ARACATI;2022-05-04;18;19934;3786;0;36;0;;;0
Nordeste;CE;Icapuí;23;230535;23007;7ª REGIAO ARACATI;2022-05-05;18;19934;3787;1;36;0;;;0
Nordeste;CE;Icapuí;23;230535;23007;7ª REGIAO ARACATI;2022-05-06;18;19934;3787;0;36;0;;;0
Nordeste;CE;Icapuí;23;230535;23007;7ª REGIAO ARACATI;2022-05-07;18;19934;3787;0;36;0;;;0
Nordeste;CE;Icapuí;23;230535;23007;7ª REGIAO ARACATI;2022-05-08;19;19934;3787;0;36;0;;;0
Nordeste;CE;Icapuí;23;230535;23007;7ª REGIAO ARACATI;2022-05-09;19;19934;3787;0;36;0;;;0
Nordeste;CE;Icapuí;23;230535;23007;7ª REGIAO ARACATI;2022-05-10;19;19934;3787;0;36;0;;;0
Nordeste;CE;Icapuí;23;230535;23007;7ª REGIAO ARACATI;2022-05-11;19;19934;3787;0;36;0;;;0
Nordeste;CE;Icapuí;23;230535;23007;7ª REGIAO ARACATI;2022-05-12;19;19934;3787;0;36;0;;;0
Nordeste;CE;Icapuí;23;230535;23007;7ª REGIAO ARACATI;2022-05-13;19;19934;3787;0;36;0;;;0
Nordeste;CE;Icapuí;23;230535;23007;7ª REGIAO ARACATI;2022-05-14;19;19934;3787;0;36;0;;;0
Nordeste;CE;Icapuí;23;230535;23007;7ª REGIAO ARACATI;2022-05-15;20;19934;3787;0;36;0;;;0
Nordeste;CE;Icapuí;23;230535;23007;7ª REGIAO ARACATI;2022-05-16;20;19934;3789;2;36;0;;;0
Nordeste;CE;Icapuí;23;230535;23007;7ª REGIAO ARACATI;2022-05-17;20;19934;3790;1;36;0;;;0
Nordeste;CE;Icapuí;23;230535;23007;7ª REGIAO ARACATI;2022-05-18;20;19934;3790;0;36;0;;;0
Nordeste;CE;Icapuí;23;230535;23007;7ª REGIAO ARACATI;2022-05-19;20;19934;3790;0;36;0;;;0
Nordeste;CE;Icapuí;23;230535;23007;7ª REGIAO ARACATI;2022-05-20;20;19934;3790;0;36;0;;;0
Nordeste;CE;Icapuí;23;230535;23007;7ª REGIAO ARACATI;2022-05-21;20;19934;3790;0;36;0;;;0
Nordeste;CE;Icapuí;23;230535;23007;7ª REGIAO ARACATI;2022-05-22;21;19934;3790;0;36;0;;;0
Nordeste;CE;Icapuí;23;230535;23007;7ª REGIAO ARACATI;2022-05-23;21;19934;3790;0;36;0;;;0
Nordeste;CE;Icapuí;23;230535;23007;7ª REGIAO ARACATI;2022-05-24;21;19934;3791;1;36;0;;;0
Nordeste;CE;Icapuí;23;230535;23007;7ª REGIAO ARACATI;2022-05-25;21;19934;3791;0;36;0;;;0
Nordeste;CE;Icapuí;23;230535;23007;7ª REGIAO ARACATI;2022-05-26;21;19934;3791;0;36;0;;;0
Nordeste;CE;Icapuí;23;230535;23007;7ª REGIAO ARACATI;2022-05-27;21;19934;3792;1;36;0;;;0
Nordeste;CE;Icapuí;23;230535;23007;7ª REGIAO ARACATI;2022-05-28;21;19934;3792;0;36;0;;;0
Nordeste;CE;Icapuí;23;230535;23007;7ª REGIAO ARACATI;2022-05-29;22;19934;3792;0;36;0;;;0
Nordeste;CE;Icapuí;23;230535;23007;7ª REGIAO ARACATI;2022-05-30;22;19934;3792;0;36;0;;;0
Nordeste;CE;Icapuí;23;230535;23007;7ª REGIAO ARACATI;2022-05-31;22;19934;3791;-1;36;0;;;0
Nordeste;CE;Icapuí;23;230535;23007;7ª REGIAO ARACATI;2022-06-01;22;19934;3791;0;36;0;;;0
Nordeste;CE;Icapuí;23;230535;23007;7ª REGIAO ARACATI;2022-06-02;22;19934;3791;0;36;0;;;0
Nordeste;CE;Icapuí;23;230535;23007;7ª REGIAO ARACATI;2022-06-03;22;19934;3791;0;36;0;;;0
Nordeste;CE;Icapuí;23;230535;23007;7ª REGIAO ARACATI;2022-06-04;22;19934;3791;0;36;0;;;0
Nordeste;CE;Icapuí;23;230535;23007;7ª REGIAO ARACATI;2022-06-05;23;19934;3791;0;36;0;;;0
Nordeste;CE;Icapuí;23;230535;23007;7ª REGIAO ARACATI;2022-06-06;23;19934;3792;1;36;0;;;0
Nordeste;CE;Icapuí;23;230535;23007;7ª REGIAO ARACATI;2022-06-07;23;19934;3793;1;36;0;;;0
Nordeste;CE;Icapuí;23;230535;23007;7ª REGIAO ARACATI;2022-06-08;23;19934;3793;0;36;0;;;0
Nordeste;CE;Icapuí;23;230535;23007;7ª REGIAO ARACATI;2022-06-09;23;19934;3794;1;36;0;;;0
Nordeste;CE;Icapuí;23;230535;23007;7ª REGIAO ARACATI;2022-06-10;23;19934;3794;0;36;0;;;0
Nordeste;CE;Icapuí;23;230535;23007;7ª REGIAO ARACATI;2022-06-11;23;19934;3794;0;36;0;;;0
Nordeste;CE;Icapuí;23;230535;23007;7ª REGIAO ARACATI;2022-06-12;24;19934;3794;0;36;0;;;0
Nordeste;CE;Icapuí;23;230535;23007;7ª REGIAO ARACATI;2022-06-13;24;19934;3794;0;36;0;;;0
Nordeste;CE;Icapuí;23;230535;23007;7ª REGIAO ARACATI;2022-06-14;24;19934;3799;5;36;0;;;0
Nordeste;CE;Icapuí;23;230535;23007;7ª REGIAO ARACATI;2022-06-15;24;19934;3800;1;36;0;;;0
Nordeste;CE;Icapuí;23;230535;23007;7ª REGIAO ARACATI;2022-06-16;24;19934;3801;1;36;0;;;0
Nordeste;CE;Icapuí;23;230535;23007;7ª REGIAO ARACATI;2022-06-17;24;19934;3801;0;36;0;;;0
Nordeste;CE;Icapuí;23;230535;23007;7ª REGIAO ARACATI;2022-06-18;24;19934;3802;1;36;0;;;0
Nordeste;CE;Icapuí;23;230535;23007;7ª REGIAO ARACATI;2022-06-19;25;19934;3802;0;36;0;;;0
Nordeste;CE;Icapuí;23;230535;23007;7ª REGIAO ARACATI;2022-06-20;25;19934;3803;1;36;0;;;0
Nordeste;CE;Icapuí;23;230535;23007;7ª REGIAO ARACATI;2022-06-21;25;19934;3804;1;36;0;;;0
Nordeste;CE;Icapuí;23;230535;23007;7ª REGIAO ARACATI;2022-06-22;25;19934;3808;4;36;0;;;0
Nordeste;CE;Icapuí;23;230535;23007;7ª REGIAO ARACATI;2022-06-23;25;19934;3809;1;36;0;;;0
Nordeste;CE;Icapuí;23;230535;23007;7ª REGIAO ARACATI;2022-06-24;25;19934;3811;2;36;0;;;0
Nordeste;CE;Icapuí;23;230535;23007;7ª REGIAO ARACATI;2022-06-25;25;19934;3813;2;37;1;;;0
Nordeste;CE;Icapuí;23;230535;23007;7ª REGIAO ARACATI;2022-06-26;26;19934;3824;11;37;0;;;0
Nordeste;CE;Icapuí;23;230535;23007;7ª REGIAO ARACATI;2022-06-27;26;19934;3824;0;37;0;;;0
Nordeste;CE;Icapuí;23;230535;23007;7ª REGIAO ARACATI;2022-06-28;26;19934;3831;7;37;0;;;0
Nordeste;CE;Icapuí;23;230535;23007;7ª REGIAO ARACATI;2022-06-29;26;19934;3835;4;37;0;;;0
Nordeste;CE;Icapuí;23;230535;23007;7ª REGIAO ARACATI;2022-06-30;26;19934;3840;5;37;0;;;0
Nordeste;CE;Icapuí;23;230535;23007;7ª REGIAO ARACATI;2022-07-01;26;19934;3842;2;37;0;;;0
Nordeste;CE;Icapuí;23;230535;23007;7ª REGIAO ARACATI;2022-07-02;26;19934;3845;3;37;0;;;0
Nordeste;CE;Icapuí;23;230535;23007;7ª REGIAO ARACATI;2022-07-03;27;19934;3849;4;37;0;;;0
Nordeste;CE;Icapuí;23;230535;23007;7ª REGIAO ARACATI;2022-07-04;27;19934;3849;0;37;0;;;0
Nordeste;CE;Icapuí;23;230535;23007;7ª REGIAO ARACATI;2022-07-05;27;19934;3855;6;37;0;;;0
Nordeste;CE;Icapuí;23;230535;23007;7ª REGIAO ARACATI;2022-07-06;27;19934;3860;5;37;0;;;0
Nordeste;CE;Icapuí;23;230535;23007;7ª REGIAO ARACATI;2022-07-07;27;19934;3862;2;37;0;;;0
Nordeste;CE;Icapuí;23;230535;23007;7ª REGIAO ARACATI;2022-07-08;27;19934;3862;0;37;0;;;0
Nordeste;CE;Icapuí;23;230535;23007;7ª REGIAO ARACATI;2022-07-09;27;19934;3878;16;37;0;;;0
Nordeste;CE;Icapuí;23;230535;23007;7ª REGIAO ARACATI;2022-07-10;28;19934;3878;0;37;0;;;0
Nordeste;CE;Icapuí;23;230535;23007;7ª REGIAO ARACATI;2022-07-11;28;19934;3878;0;37;0;;;0
Nordeste;CE;Icapuí;23;230535;23007;7ª REGIAO ARACATI;2022-07-12;28;19934;3880;2;37;0;;;0
Nordeste;CE;Icapuí;23;230535;23007;7ª REGIAO ARACATI;2022-07-13;28;19934;3910;30;37;0;;;0
Nordeste;CE;Icapuí;23;230535;23007;7ª REGIAO ARACATI;2022-07-14;28;19934;3912;2;37;0;;;0
Nordeste;CE;Icapuí;23;230535;23007;7ª REGIAO ARACATI;2022-07-15;28;19934;4047;135;37;0;;;0
Nordeste;CE;Icapuí;23;230535;23007;7ª REGIAO ARACATI;2022-07-16;28;19934;4064;17;37;0;;;0
Nordeste;CE;Icapuí;23;230535;23007;7ª REGIAO ARACATI;2022-07-17;29;19934;4064;0;37;0;;;0
Nordeste;CE;Icapuí;23;230535;23007;7ª REGIAO ARACATI;2022-07-18;29;19934;4064;0;37;0;;;0
Nordeste;CE;Icapuí;23;230535;23007;7ª REGIAO ARACATI;2022-07-19;29;19934;4077;13;37;0;;;0
Nordeste;CE;Icapuí;23;230535;23007;7ª REGIAO ARACATI;2022-07-20;29;19934;4098;21;37;0;;;0
Nordeste;CE;Icapuí;23;230535;23007;7ª REGIAO ARACATI;2022-07-21;29;19934;4099;1;37;0;;;0
Nordeste;CE;Icapuí;23;230535;23007;7ª REGIAO ARACATI;2022-07-22;29;19934;4099;0;37;0;;;0
Nordeste;CE;Icapuí;23;230535;23007;7ª REGIAO ARACATI;2022-07-23;29;19934;4099;0;37;0;;;0
Nordeste;CE;Icapuí;23;230535;23007;7ª REGIAO ARACATI;2022-07-24;30;19934;4099;0;37;0;;;0
Nordeste;CE;Icapuí;23;230535;23007;7ª REGIAO ARACATI;2022-07-25;30;19934;4100;1;37;0;;;0
Nordeste;CE;Icapuí;23;230535;23007;7ª REGIAO ARACATI;2022-07-26;30;19934;4112;12;37;0;;;0
Nordeste;CE;Icapuí;23;230535;23007;7ª REGIAO ARACATI;2022-07-27;30;19934;4112;0;37;0;;;0
Nordeste;CE;Icapuí;23;230535;23007;7ª REGIAO ARACATI;2022-07-28;30;19934;4130;18;37;0;;;0
Nordeste;CE;Icapuí;23;230535;23007;7ª REGIAO ARACATI;2022-07-29;30;19934;4151;21;37;0;;;0
Nordeste;CE;Icapuí;23;230535;23007;7ª REGIAO ARACATI;2022-07-30;30;19934;4151;0;37;0;;;0
Nordeste;CE;Icapuí;23;230535;23007;7ª REGIAO ARACATI;2022-07-31;31;19934;4151;0;37;0;;;0
Nordeste;CE;Icapuí;23;230535;23007;7ª REGIAO ARACATI;2022-08-01;31;19934;4151;0;37;0;;;0
Nordeste;CE;Icapuí;23;230535;23007;7ª REGIAO ARACATI;2022-08-02;31;19934;4153;2;37;0;;;0
Nordeste;CE;Icapuí;23;230535;23007;7ª REGIAO ARACATI;2022-08-03;31;19934;4157;4;37;0;;;0
Nordeste;CE;Icapuí;23;230535;23007;7ª REGIAO ARACATI;2022-08-04;31;19934;4176;19;37;0;;;0
Nordeste;CE;Icapuí;23;230535;23007;7ª REGIAO ARACATI;2022-08-05;31;19934;4176;0;37;0;;;0
Nordeste;CE;Icapuí;23;230535;23007;7ª REGIAO ARACATI;2022-08-06;31;19934;4176;0;37;0;;;0
Nordeste;CE;Icapuí;23;230535;23007;7ª REGIAO ARACATI;2022-08-07;32;19934;4176;0;37;0;;;0
Nordeste;CE;Icapuí;23;230535;23007;7ª REGIAO ARACATI;2022-08-08;32;19934;4176;0;37;0;;;0
Nordeste;CE;Icapuí;23;230535;23007;7ª REGIAO ARACATI;2022-08-09;32;19934;4177;1;37;0;;;0
Nordeste;CE;Icapuí;23;230535;23007;7ª REGIAO ARACATI;2022-08-10;32;19934;4180;3;37;0;;;0
Nordeste;CE;Icapuí;23;230535;23007;7ª REGIAO ARACATI;2022-08-11;32;19934;4182;2;37;0;;;0
Nordeste;CE;Icapuí;23;230535;23007;7ª REGIAO ARACATI;2022-08-12;32;19934;4182;0;37;0;;;0
Nordeste;CE;Icapuí;23;230535;23007;7ª REGIAO ARACATI;2022-08-13;32;19934;4184;2;37;0;;;0
Nordeste;CE;Icapuí;23;230535;23007;7ª REGIAO ARACATI;2022-08-14;33;19934;4184;0;37;0;;;0
Nordeste;CE;Icapuí;23;230535;23007;7ª REGIAO ARACATI;2022-08-15;33;19934;4184;0;37;0;;;0
Nordeste;CE;Icapuí;23;230535;23007;7ª REGIAO ARACATI;2022-08-16;33;19934;4184;0;37;0;;;0
Nordeste;CE;Icapuí;23;230535;23007;7ª REGIAO ARACATI;2022-08-17;33;19934;4184;0;37;0;;;0
Nordeste;CE;Icapuí;23;230535;23007;7ª REGIAO ARACATI;2022-08-18;33;19934;4184;0;37;0;;;0
Nordeste;CE;Icapuí;23;230535;23007;7ª REGIAO ARACATI;2022-08-19;33;19934;4184;0;37;0;;;0
Nordeste;CE;Icapuí;23;230535;23007;7ª REGIAO ARACATI;2022-08-20;33;19934;4185;1;37;0;;;0
Nordeste;CE;Icapuí;23;230535;23007;7ª REGIAO ARACATI;2022-08-21;34;19934;4185;0;37;0;;;0
Nordeste;CE;Icapuí;23;230535;23007;7ª REGIAO ARACATI;2022-08-22;34;19934;4185;0;37;0;;;0
Nordeste;CE;Icapuí;23;230535;23007;7ª REGIAO ARACATI;2022-08-23;34;19934;4185;0;37;0;;;0
Nordeste;CE;Icapuí;23;230535;23007;7ª REGIAO ARACATI;2022-08-24;34;19934;4185;0;37;0;;;0
Nordeste;CE;Icapuí;23;230535;23007;7ª REGIAO ARACATI;2022-08-25;34;19934;4186;1;37;0;;;0
Nordeste;CE;Icapuí;23;230535;23007;7ª REGIAO ARACATI;2022-08-26;34;19934;4186;0;37;0;;;0
Nordeste;CE;Icapuí;23;230535;23007;7ª REGIAO ARACATI;2022-08-27;34;19934;4186;0;37;0;;;0
Nordeste;CE;Icapuí;23;230535;23007;7ª REGIAO ARACATI;2022-08-28;35;19934;4186;0;37;0;;;0
Nordeste;CE;Icapuí;23;230535;23007;7ª REGIAO ARACATI;2022-08-29;35;19934;4186;0;37;0;;;0
Nordeste;CE;Icapuí;23;230535;23007;7ª REGIAO ARACATI;2022-08-30;35;19934;4187;1;37;0;;;0
Nordeste;CE;Icapuí;23;230535;23007;7ª REGIAO ARACATI;2022-08-31;35;19934;4187;0;37;0;;;0
Nordeste;CE;Icapuí;23;230535;23007;7ª REGIAO ARACATI;2022-09-01;35;19934;4187;0;37;0;;;0
Nordeste;CE;Icapuí;23;230535;23007;7ª REGIAO ARACATI;2022-09-02;35;19934;4188;1;37;0;;;0
Nordeste;CE;Icapuí;23;230535;23007;7ª REGIAO ARACATI;2022-09-03;35;19934;4188;0;37;0;;;0
Nordeste;CE;Icapuí;23;230535;23007;7ª REGIAO ARACATI;2022-09-04;36;19934;4188;0;37;0;;;0
Nordeste;CE;Icapuí;23;230535;23007;7ª REGIAO ARACATI;2022-09-05;36;19934;4188;0;37;0;;;0
Nordeste;CE;Icapuí;23;230535;23007;7ª REGIAO ARACATI;2022-09-06;36;19934;4188;0;37;0;;;0
Nordeste;CE;Icapuí;23;230535;23007;7ª REGIAO ARACATI;2022-09-07;36;19934;4190;2;37;0;;;0
Nordeste;CE;Icapuí;23;230535;23007;7ª REGIAO ARACATI;2022-09-08;36;19934;4190;0;37;0;;;0
Nordeste;CE;Icapuí;23;230535;23007;7ª REGIAO ARACATI;2022-09-09;36;19934;4190;0;37;0;;;0
Nordeste;CE;Icapuí;23;230535;23007;7ª REGIAO ARACATI;2022-09-10;36;19934;4190;0;37;0;;;0
Nordeste;CE;Icapuí;23;230535;23007;7ª REGIAO ARACATI;2022-09-11;37;19934;4191;1;37;0;;;0
Nordeste;CE;Icapuí;23;230535;23007;7ª REGIAO ARACATI;2022-09-12;37;19934;4191;0;37;0;;;0
Nordeste;CE;Icapuí;23;230535;23007;7ª REGIAO ARACATI;2022-09-13;37;19934;4191;0;37;0;;;0
Nordeste;CE;Icapuí;23;230535;23007;7ª REGIAO ARACATI;2022-09-14;37;19934;4191;0;37;0;;;0
Nordeste;CE;Icapuí;23;230535;23007;7ª REGIAO ARACATI;2022-09-15;37;19934;4191;0;37;0;;;0
Nordeste;CE;Icapuí;23;230535;23007;7ª REGIAO ARACATI;2022-09-16;37;19934;4191;0;37;0;;;0
Nordeste;CE;Icapuí;23;230535;23007;7ª REGIAO ARACATI;2022-09-17;37;19934;4191;0;37;0;;;0
Nordeste;CE;Icapuí;23;230535;23007;7ª REGIAO ARACATI;2022-09-18;38;19934;4191;0;37;0;;;0
Nordeste;CE;Icapuí;23;230535;23007;7ª REGIAO ARACATI;2022-09-19;38;19934;4191;0;37;0;;;0
Nordeste;CE;Icapuí;23;230535;23007;7ª REGIAO ARACATI;2022-09-20;38;19934;4191;0;37;0;;;0
Nordeste;CE;Icapuí;23;230535;23007;7ª REGIAO ARACATI;2022-09-21;38;19934;4191;0;37;0;;;0
Nordeste;CE;Icapuí;23;230535;23007;7ª REGIAO ARACATI;2022-09-22;38;19934;4191;0;37;0;;;0
Nordeste;CE;Icapuí;23;230535;23007;7ª REGIAO ARACATI;2022-09-23;38;19934;4191;0;37;0;;;0
Nordeste;CE;Icapuí;23;230535;23007;7ª REGIAO ARACATI;2022-09-24;38;19934;4191;0;38;1;;;0
Nordeste;CE;Icapuí;23;230535;23007;7ª REGIAO ARACATI;2022-09-25;39;19934;4191;0;38;0;;;0
Nordeste;CE;Icapuí;23;230535;23007;7ª REGIAO ARACATI;2022-09-26;39;19934;4191;0;38;0;;;0
Nordeste;CE;Icapuí;23;230535;23007;7ª REGIAO ARACATI;2022-09-27;39;19934;4191;0;38;0;;;0
Nordeste;CE;Icapuí;23;230535;23007;7ª REGIAO ARACATI;2022-09-28;39;19934;4191;0;38;0;;;0
Nordeste;CE;Icapuí;23;230535;23007;7ª REGIAO ARACATI;2022-09-29;39;19934;4191;0;38;0;;;0
Nordeste;CE;Icapuí;23;230535;23007;7ª REGIAO ARACATI;2022-09-30;39;19934;4191;0;38;0;;;0
Nordeste;CE;Icapuí;23;230535;23007;7ª REGIAO ARACATI;2022-10-01;39;19934;4191;0;38;0;;;0
Nordeste;CE;Icapuí;23;230535;23007;7ª REGIAO ARACATI;2022-10-02;40;19934;4191;0;38;0;;;0
Nordeste;CE;Icapuí;23;230535;23007;7ª REGIAO ARACATI;2022-10-03;40;19934;4191;0;38;0;;;0
Nordeste;CE;Icapuí;23;230535;23007;7ª REGIAO ARACATI;2022-10-04;40;19934;4191;0;38;0;;;0
Nordeste;CE;Icapuí;23;230535;23007;7ª REGIAO ARACATI;2022-10-05;40;19934;4191;0;38;0;;;0
Nordeste;CE;Icapuí;23;230535;23007;7ª REGIAO ARACATI;2022-10-06;40;19934;4191;0;38;0;;;0
Nordeste;CE;Icapuí;23;230535;23007;7ª REGIAO ARACATI;2022-10-07;40;19934;4191;0;38;0;;;0
Nordeste;CE;Icapuí;23;230535;23007;7ª REGIAO ARACATI;2022-10-08;40;19934;4191;0;38;0;;;0
Nordeste;CE;Icapuí;23;230535;23007;7ª REGIAO ARACATI;2022-10-09;41;19934;4191;0;38;0;;;0
Nordeste;CE;Icapuí;23;230535;23007;7ª REGIAO ARACATI;2022-10-10;41;19934;4191;0;38;0;;;0
Nordeste;CE;Icapuí;23;230535;23007;7ª REGIAO ARACATI;2022-10-11;41;19934;4191;0;38;0;;;0
Nordeste;CE;Icapuí;23;230535;23007;7ª REGIAO ARACATI;2022-10-12;41;19934;4191;0;38;0;;;0
Nordeste;CE;Icapuí;23;230535;23007;7ª REGIAO ARACATI;2022-10-13;41;19934;4191;0;38;0;;;0
Nordeste;CE;Icapuí;23;230535;23007;7ª REGIAO ARACATI;2022-10-14;41;19934;4191;0;38;0;;;0
Nordeste;CE;Icapuí;23;230535;23007;7ª REGIAO ARACATI;2022-10-15;41;19934;4191;0;38;0;;;0
Nordeste;CE;Icapuí;23;230535;23007;7ª REGIAO ARACATI;2022-10-16;42;19934;4191;0;38;0;;;0
Nordeste;CE;Icapuí;23;230535;23007;7ª REGIAO ARACATI;2022-10-17;42;19934;4191;0;38;0;;;0
Nordeste;CE;Icapuí;23;230535;23007;7ª REGIAO ARACATI;2022-10-18;42;19934;4191;0;38;0;;;0
Nordeste;CE;Icapuí;23;230535;23007;7ª REGIAO ARACATI;2022-10-19;42;19934;4191;0;38;0;;;0